Player,Age,Team,Pos,PosH,G,GS,MP,FG,FGA,FG%,3P,3PA,3P%,2P,2PA,2P%,FT,FTA,ORB,DRB,AST,STL,BLK,TOV,AST/G,TOV/AST,MPPG,FP,FPPG,FPPM
Nikola Jokić,29,DEN,C,C,70,70,2571,786,1364,0.58,138,331,0.417,648,1033,0.627,361,451,200,692,716,127,45,230,10.23,0.32,37,4045,57.8,1.57
Shai Gilgeous-Alexander,26,OKC,PG,G,76,76,2598,860,1656,0.52,163,435,0.375,697,1221,0.571,601,669,67,312,486,131,77,183,6.39,0.38,34,3486.5,45.9,1.34
Giannis Antetokounmpo,30,MIL,PF,F,67,67,2289,793,1319,0.60,14,63,0.222,779,1256,0.62,436,707,147,651,433,58,78,206,6.46,0.48,34,3235,48.3,1.41
Trae Young,26,ATL,PG,G,76,76,2739,566,1376,0.41,218,642,0.34,348,734,0.474,491,561,36,200,880,91,12,355,11.58,0.40,36,2911,38.3,1.06
James Harden,35,LAC,PG,G,79,79,2789,531,1295,0.41,235,668,0.352,296,627,0.472,505,578,55,401,687,118,55,341,8.70,0.50,35,2905,36.8,1.04
Domantas Sabonis,28,SAC,C,C,70,70,2429,527,893,0.59,65,156,0.417,462,737,0.627,218,289,267,705,423,48,26,202,6.04,0.48,35,2814,40.2,1.16
Jayson Tatum,26,BOS,PF,F,72,72,2624,662,1465,0.45,250,728,0.343,412,737,0.559,358,440,48,575,431,76,38,209,5.99,0.48,36,2808.5,39.0,1.07
LeBron James,40,LAL,SF,F,70,70,2444,651,1270,0.51,149,396,0.376,502,874,0.574,259,331,72,474,575,70,39,260,8.21,0.45,35,2794.5,39.9,1.14
Cade Cunningham,23,DET,PG,G,70,70,2452,684,1457,0.47,149,418,0.356,535,1039,0.515,313,370,56,369,638,71,53,309,9.11,0.48,35,2774,39.6,1.13
Tyrese Haliburton,24,IND,PG,G,73,73,2451,476,1006,0.47,218,562,0.388,258,444,0.581,189,222,42,216,673,105,49,120,9.22,0.18,34,2770.5,38.0,1.13
Karl-Anthony Towns,29,NYK,C,C,72,72,2517,639,1215,0.53,142,338,0.42,497,877,0.567,339,409,212,708,222,71,50,192,3.08,0.86,35,2764,38.4,1.10
Ivica Zubac,27,LAC,C,C,80,80,2624,592,942,0.63,0,0,,592,942,0.628,156,236,300,710,214,55,90,127,2.68,0.59,33,2749,34.4,1.05
Anthony Edwards,23,MIN,SG,G,79,79,2871,721,1612,0.45,320,811,0.395,401,801,0.501,415,496,61,389,359,91,51,249,4.54,0.69,36,2675.5,33.9,0.93
Alperen Şengün,22,HOU,C,C,76,76,2395,567,1143,0.50,21,90,0.233,546,1053,0.519,296,428,262,524,372,84,61,194,4.89,0.52,32,2660,35.0,1.11
Devin Booker,28,PHO,SG,G,75,75,2795,654,1420,0.46,183,551,0.332,471,869,0.542,432,483,76,229,529,67,16,220,7.05,0.42,37,2641.5,35.2,0.95
Bam Adebayo,27,MIA,C,C,78,78,2674,540,1113,0.49,79,221,0.357,461,892,0.517,251,328,185,564,337,98,53,161,4.32,0.48,34,2580.5,33.1,0.97
Josh Hart,29,NYK,SG,G,77,77,2897,404,770,0.53,84,252,0.333,320,518,0.618,159,205,161,576,453,119,27,158,5.88,0.35,38,2544.5,33.0,0.88
Tyler Herro,25,MIA,SG,G,77,77,2725,651,1378,0.47,251,670,0.375,400,708,0.565,287,327,35,364,424,69,17,198,5.51,0.47,35,2497,32.4,0.92
Nikola Vučević,34,CHI,C,C,73,72,2278,550,1038,0.53,129,321,0.402,421,717,0.587,120,149,178,557,256,61,52,119,3.51,0.46,31,2414.5,33.1,1.06
Pascal Siakam,30,IND,PF,F,78,78,2548,613,1182,0.52,126,324,0.389,487,858,0.568,226,308,133,407,263,70,42,109,3.37,0.41,33,2391,30.7,0.94
Stephen Curry,36,GSW,PG,G,70,70,2252,564,1258,0.45,311,784,0.397,253,474,0.534,279,299,40,270,421,80,30,200,6.01,0.48,32,2353,33.6,1.04
Evan Mobley,23,CLE,PF,F,71,71,2167,505,906,0.56,85,230,0.37,420,676,0.621,221,305,164,495,226,61,113,145,3.18,0.64,31,2324.5,32.7,1.07
DeMar DeRozan,35,SAC,SF,F,77,77,2768,624,1308,0.48,84,256,0.328,540,1052,0.513,378,441,50,248,342,62,32,105,4.44,0.31,36,2321.5,30.1,0.84
Jalen Brunson,28,NYK,PG,G,65,65,2301,585,1200,0.49,152,397,0.383,433,803,0.539,368,448,27,160,475,60,8,164,7.31,0.35,35,2301,35.4,1.00
Jarrett Allen,26,CLE,C,C,82,82,2296,452,640,0.71,0,5,0,452,635,0.712,199,277,216,582,158,77,73,97,1.93,0.61,28,2298,28.0,1.00
Darius Garland,25,CLE,PG,G,75,75,2301,554,1174,0.47,212,529,0.401,342,645,0.53,224,255,47,167,506,91,11,189,6.75,0.37,31,2294,30.6,1.00
Donovan Mitchell,28,CLE,SG,G,71,71,2232,585,1320,0.44,233,633,0.368,352,687,0.512,298,362,57,265,354,95,17,149,4.99,0.42,31,2286,32.2,1.02
Jalen Williams,23,OKC,SG,G,69,69,2237,565,1168,0.48,124,340,0.365,441,828,0.533,236,299,59,310,354,111,46,150,5.13,0.42,32,2277.5,33.0,1.02
Josh Giddey,22,CHI,PG,G,70,69,2117,371,798,0.47,105,278,0.378,266,520,0.512,175,224,127,439,503,84,45,202,7.19,0.40,30,2273.5,32.5,1.07
Dyson Daniels,21,ATL,SG,G,76,76,2571,455,923,0.49,80,235,0.34,375,688,0.545,83,140,124,325,333,229,55,155,4.38,0.47,34,2245.5,29.5,0.87
Austin Reaves,26,LAL,SG,G,73,73,2550,477,1037,0.46,200,531,0.377,277,506,0.547,321,366,61,268,421,81,22,177,5.77,0.42,35,2226,30.5,0.87
Jamal Murray,27,DEN,PG,G,67,67,2418,531,1121,0.47,156,397,0.393,375,724,0.518,218,246,45,216,403,91,33,138,6.01,0.34,36,2188.5,32.7,0.91
Scottie Barnes,23,TOR,PF,F,65,65,2134,474,1063,0.45,76,280,0.271,398,783,0.508,228,302,109,393,378,93,63,185,5.82,0.49,33,2175,33.5,1.02
Jalen Duren,21,DET,C,C,78,78,2034,378,546,0.69,0,0,,378,546,0.692,162,242,277,530,209,54,89,136,2.68,0.65,26,2171.5,27.8,1.07
Jaren Jackson Jr.,25,MEM,C,C,74,74,2207,592,1213,0.49,146,389,0.375,446,824,0.541,311,398,91,326,148,92,113,153,2.00,1.03,30,2149.5,29.0,0.97
Luka Dončić,25,2TM,PG,G,50,50,1769,461,1025,0.45,177,481,0.368,284,544,0.522,309,395,40,369,383,89,21,179,7.66,0.47,35,2140,42.8,1.21
Kevin Durant,36,PHO,PF,F,62,62,2265,592,1124,0.53,160,372,0.43,432,752,0.574,303,361,23,351,263,50,77,190,4.24,0.72,37,2137.5,34.5,0.94
Anthony Davis,31,2TM,C,C,51,51,1706,470,910,0.52,35,124,0.282,435,786,0.553,286,369,134,456,181,59,110,113,3.55,0.62,33,2130.5,41.8,1.25
Desmond Bane,26,MEM,SG,G,69,68,2205,493,1018,0.48,164,418,0.392,329,600,0.548,177,198,62,356,369,80,28,169,5.35,0.46,32,2119,30.7,0.96
De'Aaron Fox,27,2TM,PG,G,62,62,2241,539,1163,0.46,118,381,0.31,421,782,0.538,263,318,54,244,392,91,25,174,6.32,0.44,36,2112.5,34.1,0.94
Derrick White,30,BOS,SG,G,76,76,2574,424,959,0.44,265,691,0.384,159,268,0.593,135,161,67,274,361,72,80,131,4.75,0.36,34,2106,27.7,0.82
Damian Lillard,34,MIL,PG,G,58,58,2093,444,992,0.45,197,524,0.376,247,468,0.528,362,393,29,243,410,70,10,162,7.07,0.40,36,2100,36.2,1.00
Zach LaVine,29,2TM,SG,G,74,74,2602,625,1223,0.51,239,536,0.446,386,687,0.562,235,285,22,293,310,58,12,208,4.19,0.67,35,2070,28.0,0.80
Chris Paul,39,SAS,PG,G,82,82,2292,249,583,0.43,140,371,0.377,109,212,0.514,85,92,33,263,605,103,22,129,7.38,0.21,28,2067,25.2,0.90
Amen Thompson,22,HOU,SF,F,69,42,2225,388,697,0.56,25,91,0.275,363,606,0.599,169,247,192,372,265,97,89,138,3.84,0.52,32,2062.5,29.9,0.93
Rudy Gobert,32,MIN,C,C,72,72,2388,341,510,0.67,0,0,,341,510,0.669,184,273,265,520,127,56,104,89,1.76,0.70,33,2050.5,28.5,0.86
Jalen Green,22,HOU,SG,G,82,82,2697,608,1437,0.42,234,661,0.354,374,776,0.482,273,336,45,332,282,71,27,203,3.44,0.72,33,2030.5,24.8,0.75
Michael Porter Jr.,26,DEN,SF,F,77,77,2593,528,1048,0.50,193,489,0.395,335,559,0.599,149,194,138,402,165,50,38,104,2.14,0.63,34,2022.5,26.3,0.78
Mikal Bridges,28,NYK,SF,F,82,82,3036,592,1183,0.50,164,463,0.354,428,720,0.594,96,118,71,188,306,75,43,132,3.73,0.43,37,2016,24.6,0.66
Onyeka Okongwu,24,ATL,C,C,74,40,2064,388,684,0.57,48,148,0.324,340,536,0.634,164,216,220,440,168,69,68,90,2.27,0.54,28,2014,27.2,0.98
Christian Braun,23,DEN,SG,G,79,77,2675,476,821,0.58,89,224,0.397,387,597,0.648,177,214,98,312,205,85,37,81,2.59,0.40,34,1978,25.0,0.74
Franz Wagner,23,ORL,SF,F,60,60,2023,537,1161,0.46,104,352,0.295,433,809,0.535,271,311,56,286,284,75,21,138,4.73,0.49,34,1971,32.9,0.97
Julius Randle,30,MIN,PF,F,69,69,2226,455,939,0.49,108,314,0.344,347,625,0.555,270,335,144,343,323,47,16,196,4.68,0.61,32,1952.5,28.3,0.88
Coby White,24,CHI,SG,G,74,73,2450,508,1121,0.45,216,584,0.37,292,537,0.544,277,307,25,248,330,69,16,177,4.46,0.54,33,1949,26.3,0.80
OG Anunoby,27,NYK,PF,F,74,74,2706,489,1027,0.48,171,460,0.372,318,567,0.561,183,226,97,261,164,110,65,102,2.22,0.62,37,1922,26.0,0.71
Victor Wembanyama,21,SAS,C,C,46,46,1527,408,857,0.48,142,403,0.352,266,454,0.586,158,189,82,424,168,52,176,149,3.65,0.89,33,1917,41.7,1.26
Deni Avdija,24,POR,SF,F,72,54,2161,402,844,0.48,125,342,0.365,277,502,0.552,290,372,110,412,281,71,35,196,3.90,0.70,30,1916,26.6,0.89
Jaylen Brown,28,BOS,SF,F,63,63,2158,518,1118,0.46,116,358,0.324,402,760,0.529,246,322,82,286,286,73,19,162,4.54,0.57,34,1901,30.2,0.88
Miles Bridges,26,CHO,PF,F,64,64,2029,469,1089,0.43,141,450,0.313,328,639,0.513,221,254,72,409,248,44,45,136,3.88,0.55,32,1892.5,29.6,0.93
Russell Westbrook,36,DEN,PG,G,75,36,2092,373,831,0.45,94,291,0.323,279,540,0.517,154,233,102,268,457,106,37,242,6.09,0.53,28,1862.5,24.8,0.89
Tyrese Maxey,24,PHI,PG,G,52,52,1960,477,1091,0.44,161,478,0.337,316,613,0.515,254,289,15,159,317,91,21,124,6.10,0.39,38,1836,35.3,0.94
Payton Pritchard,27,BOS,PG,G,80,3,2271,409,866,0.47,255,626,0.407,154,240,0.642,71,84,102,205,279,70,14,83,3.49,0.30,28,1827,22.8,0.80
Anthony Davis,31,LAL,C,C,42,42,1440,400,758,0.53,28,94,0.298,372,664,0.56,253,321,119,380,141,54,90,93,3.36,0.66,34,1810.5,43.1,1.26
Brook Lopez,36,MIL,C,C,80,80,2546,394,774,0.51,139,373,0.373,255,401,0.636,114,138,113,288,143,50,148,84,1.79,0.59,32,1810.5,22.6,0.71
Jaden McDaniels,24,MIN,PF,F,82,82,2614,398,834,0.48,100,303,0.33,298,531,0.561,104,128,129,341,163,110,74,95,1.99,0.58,32,1808.5,22.1,0.69
Naz Reid,25,MIN,C,C,80,17,2200,426,923,0.46,175,462,0.379,251,461,0.544,111,143,92,388,181,58,72,108,2.26,0.60,28,1805.5,22.6,0.82
Jimmy Butler,35,2TM,SF,F,55,55,1746,301,597,0.50,32,104,0.308,269,493,0.546,330,392,125,171,298,77,18,74,5.42,0.25,32,1781.5,32.4,1.02
Myles Turner,28,IND,C,C,72,72,2174,390,811,0.48,156,394,0.396,234,417,0.561,184,238,90,381,111,54,144,123,1.54,1.11,30,1770.5,24.6,0.81
Walker Kessler,23,UTA,C,C,58,58,1740,278,419,0.66,6,34,0.176,272,385,0.706,79,152,266,441,97,36,138,86,1.67,0.89,30,1744,30.1,1.00
Anfernee Simons,25,POR,SG,G,70,70,2292,479,1125,0.43,215,593,0.363,264,532,0.496,175,194,25,164,337,60,5,143,4.81,0.42,33,1735,24.8,0.76
RJ Barrett,24,TOR,SF,F,58,58,1869,460,982,0.47,107,306,0.35,353,676,0.522,196,311,61,305,314,46,17,165,5.41,0.53,32,1725,29.7,0.92
Jordan Poole,25,WAS,SG,G,68,68,2001,457,1057,0.43,235,622,0.378,222,435,0.51,242,274,31,172,303,86,27,204,4.46,0.67,29,1717.5,25.3,0.86
Malik Monk,26,SAC,SG,G,65,45,2054,412,939,0.44,139,428,0.325,273,511,0.534,154,178,30,215,362,61,38,159,5.57,0.44,32,1705.5,26.2,0.83
Stephon Castle,20,SAS,PG,G,81,47,2162,423,988,0.43,95,333,0.285,328,655,0.501,249,344,89,208,332,74,22,177,4.10,0.53,27,1703.5,21.0,0.79
Jakob Poeltl,29,TOR,C,C,57,56,1686,363,579,0.63,1,3,0.333,362,576,0.628,97,144,189,358,158,66,71,111,2.77,0.70,30,1702,29.9,1.01
Tyus Jones,28,PHO,PG,G,81,58,2174,306,683,0.45,166,401,0.414,140,282,0.496,51,57,40,156,429,69,8,91,5.30,0.21,27,1683.5,20.8,0.77
Isaiah Hartenstein,26,OKC,C,C,57,53,1590,279,480,0.58,0,19,0,279,461,0.605,79,117,163,448,219,47,62,96,3.84,0.44,28,1674,29.4,1.05
Toumani Camara,24,POR,PF,F,78,78,2548,328,716,0.46,135,360,0.375,193,356,0.542,91,126,173,277,175,116,50,109,2.24,0.62,33,1671,21.4,0.66
Jonas Valančiūnas,32,2TM,C,C,81,21,1524,345,627,0.55,8,37,0.216,337,590,0.571,145,165,190,437,164,37,46,120,2.02,0.73,19,1668,20.6,1.09
Kyrie Irving,32,DAL,SG,G,50,50,1804,447,945,0.47,144,359,0.401,303,586,0.517,196,214,60,180,231,66,23,111,4.62,0.48,36,1664,33.3,0.92
Tobias Harris,32,DET,PF,F,73,73,2305,384,805,0.48,91,264,0.345,293,541,0.542,143,166,65,367,162,74,57,85,2.22,0.52,32,1660.5,22.7,0.72
Draymond Green,34,GSW,PF,F,68,66,1983,216,509,0.42,80,246,0.325,136,263,0.517,101,147,74,340,383,99,70,174,5.63,0.45,29,1650.5,24.3,0.83
Keegan Murray,24,SAC,PF,F,76,76,2610,364,820,0.44,154,449,0.343,210,371,0.566,60,72,146,361,109,61,69,60,1.43,0.55,34,1646,21.7,0.63
Nic Claxton,25,BRK,C,C,70,62,1882,320,568,0.56,5,21,0.238,315,547,0.576,79,154,157,358,157,62,100,87,2.24,0.55,27,1620,23.1,0.86
Shaedon Sharpe,21,POR,SG,G,72,52,2252,499,1104,0.45,147,472,0.311,352,632,0.557,190,242,68,256,198,62,16,150,2.75,0.76,31,1616.5,22.5,0.72
LaMelo Ball,23,CHO,PG,G,47,47,1505,406,1003,0.41,179,528,0.339,227,475,0.478,193,229,47,185,346,54,13,167,7.36,0.48,32,1615,34.4,1.07
Ja Morant,25,MEM,PG,G,50,50,1519,404,889,0.45,88,285,0.309,316,604,0.523,263,319,34,171,364,61,12,185,7.28,0.51,30,1614.5,32.3,1.06
Dennis Schröder,31,3TM,PG,G,75,49,2105,336,827,0.41,127,371,0.342,209,456,0.458,181,216,27,171,404,66,12,142,5.39,0.35,28,1608.5,21.4,0.76
Keyonte George,21,UTA,PG,G,67,35,2109,359,919,0.39,174,507,0.343,185,412,0.449,233,285,26,227,377,46,9,183,5.63,0.49,31,1583,23.6,0.75
Scotty Pippen Jr.,24,MEM,PG,G,79,21,1683,285,594,0.48,87,219,0.397,198,375,0.528,122,171,65,194,347,103,30,138,4.39,0.40,21,1575.5,19.9,0.94
De'Aaron Fox,27,SAC,PG,G,45,45,1663,414,883,0.47,92,286,0.322,322,597,0.539,204,246,45,180,276,66,20,133,6.13,0.48,37,1574,35.0,0.95
Quentin Grimes,24,2TM,SG,G,75,37,2013,384,823,0.47,162,421,0.385,222,402,0.552,162,214,59,265,228,74,22,141,3.04,0.62,27,1566,20.9,0.78
Fred VanVleet,30,HOU,PG,G,60,60,2111,287,759,0.38,159,461,0.345,128,298,0.43,111,137,32,189,333,94,25,87,5.55,0.26,35,1562,26.0,0.74
Paolo Banchero,22,ORL,PF,F,46,46,1582,412,911,0.45,87,272,0.32,325,639,0.509,280,385,51,294,219,36,28,136,4.76,0.62,34,1553.5,33.8,0.98
Yves Missi,20,NOP,C,C,73,67,1956,269,492,0.55,0,1,0,269,491,0.548,127,204,255,346,99,37,98,82,1.36,0.83,27,1547.5,21.2,0.79
Spencer Dinwiddie,31,DAL,PG,G,79,30,2136,284,682,0.42,109,326,0.334,175,356,0.492,195,243,18,191,349,70,17,102,4.42,0.29,27,1535,19.4,0.72
Trey Murphy III,24,NOP,SF,F,53,51,1854,381,839,0.45,158,438,0.361,223,401,0.556,204,230,47,221,188,56,39,103,3.55,0.55,35,1533.5,28.9,0.83
Bub Carrington,19,WAS,PG,G,82,57,2458,300,748,0.40,138,407,0.339,162,341,0.475,69,85,33,308,364,54,21,141,4.44,0.39,30,1528.5,18.6,0.62
Malik Beasley,28,DET,SG,G,82,18,2283,461,1071,0.43,319,766,0.416,142,305,0.466,95,140,47,167,139,73,5,83,1.70,0.60,28,1514,18.5,0.66
CJ McCollum,33,NOP,PG,G,56,56,1832,444,1000,0.44,171,459,0.373,273,541,0.505,124,173,42,170,227,46,24,106,4.05,0.47,33,1495.5,26.7,0.82
Santi Aldama,24,MEM,PF,F,65,16,1660,313,648,0.48,120,326,0.368,193,322,0.599,65,94,94,322,188,52,29,71,2.89,0.38,26,1488,22.9,0.90
Cameron Johnson,28,BRK,PF,F,57,57,1800,355,747,0.48,159,408,0.39,196,339,0.578,201,225,54,193,194,53,25,99,3.40,0.51,32,1482,26.0,0.82
Devin Vassell,24,SAS,SG,G,64,53,1983,394,889,0.44,158,429,0.368,236,460,0.513,95,120,34,221,183,84,33,88,2.86,0.48,31,1477,23.1,0.74
Alex Sarr,19,WAS,C,C,67,67,1814,326,828,0.39,105,341,0.308,221,487,0.454,112,165,124,311,161,44,101,114,2.40,0.71,27,1472.5,22.0,0.81
Andrew Wiggins,29,2TM,SF,F,60,60,1842,376,839,0.45,130,348,0.374,246,491,0.501,196,257,89,180,158,60,50,99,2.63,0.63,31,1467.5,24.5,0.80
Bennedict Mathurin,22,IND,SF,F,72,49,2149,391,853,0.46,98,288,0.34,293,565,0.519,276,332,87,296,136,47,24,135,1.89,0.99,30,1467.5,20.4,0.68
T.J. McConnell,32,IND,PG,G,79,1,1415,324,624,0.52,15,49,0.306,309,575,0.537,57,77,44,149,351,83,21,109,4.44,0.31,18,1467,18.6,1.04
Harrison Barnes,32,SAS,PF,F,82,82,2230,347,683,0.51,156,360,0.433,191,323,0.591,161,199,97,213,136,39,14,50,1.66,0.37,27,1460.5,17.8,0.65
Naji Marshall,27,DAL,SF,F,69,31,1919,362,712,0.51,60,218,0.275,302,494,0.611,130,160,76,252,208,70,11,112,3.01,0.54,28,1444,20.9,0.75
Norman Powell,31,LAC,SG,G,60,60,1958,457,945,0.48,179,428,0.418,278,517,0.538,213,265,21,169,125,73,9,108,2.08,0.86,33,1434.5,23.9,0.73
Collin Sexton,26,UTA,SG,G,63,61,1758,416,867,0.48,110,271,0.406,306,596,0.513,217,251,60,111,264,47,6,160,4.19,0.61,28,1431.5,22.7,0.81
Keldon Johnson,25,SAS,SF,F,77,0,1838,371,770,0.48,87,274,0.318,284,496,0.573,150,194,112,259,125,49,22,77,1.62,0.62,24,1422.5,18.5,0.77
Kelly Oubre Jr.,29,PHI,SF,F,60,57,2078,348,741,0.47,71,242,0.293,277,499,0.555,139,185,97,271,108,92,30,80,1.80,0.74,35,1403,23.4,0.68
Goga Bitadze,25,ORL,C,C,70,42,1430,207,339,0.61,3,28,0.107,204,311,0.656,85,133,167,296,137,49,98,72,1.96,0.53,20,1382.5,19.8,0.97
P.J. Washington,26,DAL,PF,F,57,56,1835,301,665,0.45,91,239,0.381,210,426,0.493,143,198,82,360,131,63,60,118,2.30,0.90,32,1381.5,24.2,0.75
Brandin Podziemski,21,GSW,SG,G,64,33,1716,280,629,0.45,115,309,0.372,165,320,0.516,72,95,65,260,220,69,13,75,3.44,0.34,27,1372.5,21.4,0.80
Ty Jerome,27,CLE,SG,G,70,3,1392,319,618,0.52,111,253,0.439,208,365,0.57,129,148,50,123,237,78,3,92,3.39,0.39,20,1369,19.6,0.98
Zach Edey,22,MEM,C,C,66,55,1416,251,433,0.58,18,52,0.346,233,381,0.612,90,127,232,316,65,36,85,88,0.98,1.35,21,1360.5,20.6,0.96
Guerschon Yabusele,29,PHI,C,C,70,43,1895,282,563,0.50,104,274,0.38,178,289,0.616,100,138,134,261,148,58,24,87,2.11,0.59,27,1356.5,19.4,0.72
Dillon Brooks,29,HOU,SF,F,75,75,2388,384,895,0.43,186,469,0.397,198,426,0.465,99,121,75,200,128,60,16,76,1.71,0.59,32,1355,18.1,0.57
Daniel Gafford,26,DAL,C,C,57,31,1226,283,403,0.70,0,0,,283,403,0.702,135,196,155,233,80,23,102,66,1.40,0.83,22,1354,23.8,1.10
Aaron Wiggins,26,OKC,SG,G,76,26,1744,355,728,0.49,130,339,0.383,225,389,0.578,74,89,81,214,134,60,18,69,1.76,0.51,23,1341.5,17.7,0.77
Jrue Holiday,34,BOS,PG,G,62,62,1896,254,573,0.44,108,306,0.353,146,267,0.547,70,77,76,189,239,66,27,77,3.85,0.32,31,1336,21.5,0.70
Andrew Nembhard,25,IND,SG,G,65,65,1881,247,539,0.46,51,175,0.291,196,364,0.538,108,136,34,182,326,79,11,112,5.02,0.34,29,1334,20.5,0.71
Wendell Carter Jr.,25,ORL,C,C,68,51,1758,226,491,0.46,37,158,0.234,189,333,0.568,129,175,151,341,134,52,41,77,1.97,0.57,26,1330,19.6,0.76
Mark Williams,23,CHO,C,C,44,41,1171,270,447,0.60,0,4,0,270,443,0.609,131,163,132,315,109,32,54,71,2.48,0.65,27,1327.5,30.2,1.13
Isaiah Collier,20,UTA,PG,G,71,46,1839,234,555,0.42,42,169,0.249,192,386,0.497,105,154,32,203,446,66,16,208,6.28,0.47,26,1321,18.6,0.72
Scoot Henderson,20,POR,PG,G,66,10,1759,287,685,0.42,105,297,0.354,182,388,0.469,158,206,52,146,335,68,13,177,5.08,0.53,27,1316,19.9,0.75
Mike Conley,37,MIN,PG,G,71,64,1756,187,468,0.40,127,310,0.41,60,158,0.38,81,90,32,150,319,79,14,75,4.49,0.24,25,1309,18.4,0.75
Kevin Porter Jr.,24,2TM,SG,G,75,4,1482,293,652,0.45,55,177,0.311,238,475,0.501,130,169,42,236,256,81,13,136,3.41,0.53,20,1299,17.3,0.88
Nickeil Alexander-Walker,26,MIN,SG,G,82,10,2073,270,616,0.44,141,370,0.381,129,246,0.524,92,118,54,211,223,50,34,99,2.72,0.44,25,1295,15.8,0.62
Obi Toppin,26,IND,PF,F,79,4,1545,317,599,0.53,110,301,0.365,207,298,0.695,89,114,56,262,128,46,28,68,1.62,0.53,20,1293.5,16.4,0.84
De'Andre Hunter,27,2TM,SF,F,64,9,1740,358,762,0.47,157,388,0.405,201,374,0.537,215,254,44,214,92,50,13,82,1.44,0.89,27,1292.5,20.2,0.74
Tari Eason,23,HOU,PF,F,57,16,1420,272,559,0.49,63,184,0.342,209,375,0.557,79,104,128,234,83,97,50,65,1.46,0.78,25,1286,22.6,0.91
Klay Thompson,34,DAL,SF,F,72,72,1965,361,877,0.41,216,553,0.391,145,324,0.448,67,74,44,202,145,50,30,88,2.01,0.61,27,1285.5,17.9,0.65
Royce O'Neale,31,PHO,SF,F,75,22,1837,241,570,0.42,179,441,0.406,62,129,0.481,19,26,53,296,163,67,34,65,2.17,0.40,24,1285.5,17.1,0.70
Davion Mitchell,26,2TM,PG,G,74,37,2027,223,476,0.47,84,211,0.398,139,265,0.525,58,84,35,132,363,72,16,128,4.91,0.35,27,1279,17.3,0.63
Caris LeVert,30,2TM,SG,G,64,3,1596,280,599,0.47,106,284,0.373,174,315,0.552,110,155,41,162,215,57,33,76,3.36,0.35,25,1275.5,19.9,0.80
Bradley Beal,31,PHO,SG,G,53,38,1702,345,694,0.50,102,264,0.386,243,430,0.565,110,137,34,143,195,58,28,99,3.68,0.51,32,1272,24.0,0.75
Donovan Clingan,20,POR,C,C,67,37,1324,180,334,0.54,14,49,0.286,166,285,0.582,62,104,217,310,77,34,110,72,1.15,0.94,20,1271.5,19.0,0.96
Anthony Black,21,ORL,PG,G,78,10,1887,262,620,0.42,62,195,0.318,200,425,0.471,150,197,52,178,240,86,48,139,3.08,0.58,24,1259.5,16.1,0.67
Zach LaVine,29,CHI,SF,F,42,42,1432,363,710,0.51,136,305,0.446,227,405,0.56,145,182,12,190,189,39,10,121,4.50,0.64,34,1257,29.9,0.88
Keon Johnson,22,BRK,SG,G,79,56,1925,303,779,0.39,126,401,0.314,177,378,0.468,107,139,63,234,175,82,30,116,2.22,0.66,24,1255.5,15.9,0.65
Jalen Johnson,23,ATL,SF,F,36,36,1284,271,542,0.50,44,141,0.312,227,401,0.566,94,126,62,297,181,56,36,106,5.03,0.59,36,1252.5,34.8,0.98
Keon Ellis,25,SAC,SG,G,80,28,1948,227,464,0.49,139,321,0.433,88,143,0.615,73,86,60,152,120,121,63,71,1.50,0.59,24,1249,15.6,0.64
Bilal Coulibaly,20,WAS,SF,F,59,59,1948,263,624,0.42,63,224,0.281,200,400,0.5,138,185,91,203,199,78,41,125,3.37,0.63,33,1248.5,21.2,0.64
Luke Kornet,29,BOS,C,C,73,16,1361,187,280,0.67,0,3,0,187,277,0.675,67,97,190,198,117,36,71,31,1.60,0.26,19,1248.5,17.1,0.92
Kyle Filipowski,21,UTA,C,C,72,27,1522,260,518,0.50,77,220,0.35,183,298,0.614,93,143,112,328,140,48,22,102,1.94,0.73,21,1248,17.3,0.82
Luguentz Dort,25,OKC,SF,F,71,71,2073,258,593,0.44,170,413,0.412,88,180,0.489,33,46,89,204,115,79,39,51,1.62,0.44,29,1246.5,17.6,0.60
Cason Wallace,21,OKC,SG,G,68,43,1876,232,489,0.47,74,208,0.356,158,281,0.562,30,37,71,158,173,120,35,59,2.54,0.34,28,1238.5,18.2,0.66
Kel'el Ware,20,MIA,C,C,64,36,1422,257,464,0.55,35,111,0.315,222,353,0.629,46,67,116,357,60,39,71,57,0.94,0.95,22,1238,19.3,0.87
Buddy Hield,32,GSW,SG,G,82,22,1863,328,786,0.42,203,549,0.37,125,237,0.527,53,64,51,213,134,69,23,91,1.63,0.68,23,1237,15.1,0.66
D'Angelo Russell,28,2TM,PG,G,58,36,1480,249,638,0.39,113,360,0.314,136,278,0.489,121,145,20,142,297,56,23,108,5.12,0.36,26,1233.5,21.3,0.83
Julian Champagnie,23,SAS,SF,F,82,29,1932,276,665,0.42,178,480,0.371,98,185,0.53,85,94,67,251,111,61,35,74,1.35,0.67,24,1233.5,15.0,0.64
Kristaps Porziņģis,29,BOS,C,C,42,42,1210,277,574,0.48,103,250,0.412,174,324,0.537,161,199,68,216,87,31,63,53,2.07,0.61,29,1224.5,29.2,1.01
Donte DiVincenzo,28,MIN,SG,G,62,10,1606,250,593,0.42,174,438,0.397,76,155,0.49,49,63,32,196,225,73,17,99,3.63,0.44,26,1220.5,19.7,0.76
Kris Dunn,30,LAC,PG,G,74,58,1783,192,437,0.44,75,224,0.335,117,213,0.549,15,22,53,198,210,128,27,74,2.84,0.35,24,1207.5,16.3,0.68
Kyle Kuzma,29,2TM,PF,F,65,62,1936,370,848,0.44,96,313,0.307,274,535,0.512,128,202,54,316,152,36,19,146,2.34,0.96,30,1207,18.6,0.62
Ausar Thompson,22,DET,SF,F,59,48,1328,246,460,0.54,11,49,0.224,235,411,0.572,91,142,111,192,134,98,40,80,2.27,0.60,23,1204,20.4,0.91
Zaccharie Risacher,19,ATL,SF,F,75,73,1843,357,779,0.46,122,344,0.355,235,435,0.54,106,149,86,182,92,52,37,92,1.23,1.00,25,1198.5,16.0,0.65
Bobby Portis,29,MIL,PF,F,49,7,1244,277,595,0.47,65,178,0.365,212,417,0.508,61,73,90,321,104,35,26,57,2.12,0.55,25,1187,24.2,0.95
Isaiah Stewart,23,DET,C,C,72,4,1434,176,315,0.56,17,53,0.321,159,262,0.607,66,87,130,269,123,28,101,68,1.71,0.55,20,1187,16.5,0.83
Luka Dončić,25,LAL,PG,G,28,28,984,245,559,0.44,102,269,0.379,143,290,0.493,197,249,24,202,211,45,12,104,7.54,0.49,35,1172,41.9,1.19
Rui Hachimura,26,LAL,PF,F,59,57,1869,293,576,0.51,102,247,0.413,191,329,0.581,87,113,79,216,83,45,26,49,1.41,0.59,32,1165,19.7,0.62
Jaylen Wells,21,MEM,SG,G,79,74,2043,287,676,0.43,138,392,0.352,149,284,0.525,111,135,87,181,135,44,8,69,1.71,0.51,26,1164,14.7,0.57
Aaron Gordon,29,DEN,PF,F,51,42,1447,264,497,0.53,75,172,0.436,189,325,0.582,145,179,80,167,164,23,14,73,3.22,0.45,28,1157.5,22.7,0.80
Max Christie,21,2TM,SG,G,78,36,2127,252,590,0.43,115,314,0.366,137,276,0.496,130,152,38,220,146,64,31,88,1.87,0.60,27,1152,14.8,0.54
Al Horford,38,BOS,C,C,60,42,1659,195,461,0.42,114,314,0.363,81,147,0.551,34,38,79,290,128,36,51,46,2.13,0.36,28,1149.5,19.2,0.69
Derrick Jones Jr.,27,LAC,SF,F,77,55,1873,310,589,0.53,78,219,0.356,232,370,0.627,83,118,93,170,60,79,33,66,0.78,1.10,24,1145.5,14.9,0.61
Taurean Prince,30,MIL,SF,F,80,73,2166,235,514,0.46,147,335,0.439,88,179,0.492,39,48,34,253,155,76,15,82,1.94,0.53,27,1144,14.3,0.53
Clint Capela,30,ATL,C,C,55,41,1176,218,390,0.56,0,1,0,218,389,0.56,52,97,174,295,62,34,53,47,1.13,0.76,21,1139.5,20.7,0.97
Jeremy Sochan,21,SAS,PF,F,54,23,1364,251,469,0.54,28,91,0.308,223,378,0.59,87,125,127,225,128,45,27,84,2.37,0.66,25,1136.5,21.0,0.83
Kevon Looney,28,GSW,C,C,76,6,1142,143,278,0.51,2,5,0.4,141,273,0.516,56,99,185,277,118,46,37,39,1.55,0.33,15,1133.5,14.9,0.99
Kentavious Caldwell-Pope,31,ORL,SG,G,77,77,2279,239,544,0.44,113,330,0.342,126,214,0.589,82,95,33,136,136,99,34,62,1.77,0.46,30,1113.5,14.5,0.49
Jabari Smith Jr.,21,HOU,PF,F,57,39,1716,248,566,0.44,98,277,0.354,150,289,0.519,104,126,105,294,60,25,41,61,1.05,1.02,30,1109.5,19.5,0.65
Zion Williamson,24,NOP,PF,F,30,30,857,288,508,0.57,3,13,0.231,285,495,0.576,158,241,76,140,159,37,27,90,5.30,0.57,29,1105.5,36.9,1.29
Kawhi Leonard,33,LAC,SF,F,37,37,1180,310,623,0.50,78,190,0.411,232,433,0.536,98,121,35,184,116,59,17,72,3.14,0.62,32,1104.5,29.9,0.94
John Collins,27,UTA,PF,F,40,31,1220,280,531,0.53,59,148,0.399,221,383,0.577,139,164,89,238,80,39,40,103,2.00,1.29,31,1103.5,27.6,0.90
Lauri Markkanen,27,UTA,PF,F,47,47,1476,296,700,0.42,138,399,0.346,158,301,0.525,162,185,72,206,70,33,17,66,1.49,0.94,31,1100.5,23.4,0.75
Kyshawn George,21,WAS,SG,G,68,38,1802,203,546,0.37,114,354,0.322,89,192,0.464,70,93,49,236,169,68,50,97,2.49,0.57,27,1096.5,16.1,0.61
Mason Plumlee,34,PHO,C,C,74,21,1300,125,202,0.62,0,4,0,125,198,0.631,83,128,116,339,134,33,47,59,1.81,0.44,18,1095,14.8,0.84
Miles McBride,24,NYK,PG,G,64,10,1593,222,547,0.41,115,312,0.369,107,235,0.455,52,64,47,114,187,67,17,41,2.92,0.22,25,1087,17.0,0.68
Jose Alvarado,26,NOP,PG,G,56,23,1366,204,521,0.39,111,309,0.359,93,212,0.439,60,74,27,109,259,74,14,86,4.63,0.33,24,1085,19.4,0.79
Isaiah Joe,25,OKC,SG,G,74,16,1604,259,588,0.44,192,466,0.412,67,122,0.549,46,56,41,155,119,48,9,38,1.61,0.32,22,1079,14.6,0.67
Kevin Huerter,26,2TM,SG,G,69,31,1679,257,604,0.43,132,391,0.338,125,213,0.587,35,49,30,175,156,66,23,67,2.26,0.43,24,1076.5,15.6,0.64
Jalen Wilson,24,BRK,PF,F,79,22,2031,246,620,0.40,122,362,0.337,124,258,0.481,135,165,75,195,145,40,5,79,1.84,0.54,26,1076.5,13.6,0.53
Duncan Robinson,30,MIA,SF,F,74,37,1785,290,663,0.44,190,483,0.393,100,180,0.556,47,53,18,149,176,40,6,86,2.38,0.49,24,1075.5,14.5,0.60
Jonas Valančiūnas,32,WAS,C,C,49,12,983,231,422,0.55,7,27,0.259,224,395,0.567,95,106,120,284,108,22,28,88,2.20,0.81,20,1067,21.8,1.09
Brandon Clarke,28,MEM,PF,F,64,18,1207,236,380,0.62,1,17,0.059,235,363,0.647,61,87,127,199,66,52,36,41,1.03,0.62,19,1064.5,16.6,0.88
Tim Hardaway Jr.,32,DET,SG,G,77,77,2153,276,680,0.41,168,457,0.368,108,223,0.484,124,145,18,165,123,38,7,48,1.60,0.39,28,1063.5,13.8,0.49
Deandre Ayton,26,POR,C,C,40,40,1206,265,468,0.57,6,32,0.188,259,436,0.594,40,60,124,282,64,31,39,69,1.60,1.08,30,1062.5,26.6,0.88
Ochai Agbaji,24,TOR,SG,G,64,45,1739,266,534,0.50,101,253,0.399,165,281,0.587,34,48,61,181,98,58,30,54,1.53,0.55,27,1062.5,16.6,0.61
Justin Champagnie,23,WAS,SF,F,62,31,1340,210,411,0.51,74,193,0.383,136,218,0.624,50,73,112,239,60,65,39,54,0.97,0.90,22,1059,17.1,0.79
Paul George,34,PHI,PF,F,41,41,1334,245,570,0.43,96,268,0.358,149,302,0.493,79,97,24,195,178,75,20,106,4.34,0.60,33,1058.5,25.8,0.79
Luke Kennard,28,MEM,SG,G,65,11,1472,206,431,0.48,113,261,0.433,93,170,0.547,51,57,37,146,215,50,5,72,3.31,0.33,23,1058,16.3,0.72
Nick Richards,27,2TM,C,C,57,43,1256,205,347,0.59,0,2,0,205,345,0.594,119,160,148,318,49,14,55,81,0.86,1.65,22,1051.5,18.4,0.84
Gary Trent Jr.,26,MIL,SG,G,74,9,1893,283,657,0.43,180,433,0.416,103,224,0.46,78,92,20,148,87,72,4,42,1.18,0.48,26,1050,14.2,0.55
Matas Buzelis,20,CHI,SF,F,80,31,1511,252,555,0.45,96,266,0.361,156,289,0.54,88,108,55,223,79,29,75,74,0.99,0.94,19,1050,13.1,0.69
Georges Niang,31,2TM,PF,F,79,3,1697,286,620,0.46,166,409,0.406,120,211,0.569,46,58,47,225,111,28,14,82,1.41,0.74,21,1048.5,13.3,0.62
Jaime Jaquez Jr.,23,MIA,SF,F,66,17,1368,213,462,0.46,37,119,0.311,176,343,0.513,107,142,84,206,166,61,14,98,2.52,0.59,21,1046,15.8,0.76
Andrew Wiggins,29,GSW,SF,F,43,43,1296,261,588,0.44,94,248,0.379,167,340,0.491,139,179,66,131,102,40,33,56,2.37,0.55,30,1039.5,24.2,0.80
Jamal Shead,22,TOR,PG,G,75,11,1467,204,504,0.41,72,223,0.323,132,281,0.47,53,69,30,85,316,58,10,117,4.21,0.37,20,1039,13.9,0.71
Peyton Watson,22,DEN,SF,F,68,18,1656,204,428,0.48,48,136,0.353,156,292,0.534,95,137,47,186,94,48,93,56,1.38,0.60,24,1032.5,15.2,0.62
Moses Moody,22,GSW,SG,G,74,34,1649,246,568,0.43,126,337,0.374,120,231,0.519,106,133,52,137,96,59,31,54,1.30,0.56,22,1028.5,13.9,0.62
Cole Anthony,24,ORL,PG,G,67,22,1234,230,543,0.42,77,218,0.353,153,325,0.471,93,113,46,158,191,45,32,103,2.85,0.54,18,1020.5,15.2,0.83
Jimmy Butler,35,GSW,SF,F,30,30,980,159,334,0.48,19,68,0.279,140,266,0.526,201,231,70,95,178,50,8,44,5.93,0.25,33,1019.5,34.0,1.04
Ayo Dosunmu,25,CHI,SG,G,46,26,1394,221,449,0.49,62,189,0.328,159,260,0.612,62,79,26,135,208,43,18,69,4.52,0.33,30,1017.5,22.1,0.73
Terry Rozier,30,MIA,PG,G,64,23,1658,248,635,0.39,91,308,0.295,157,327,0.48,92,108,44,194,167,37,14,78,2.61,0.47,26,1017.5,15.9,0.61
Moussa Diabaté,23,CHO,C,C,71,8,1241,167,280,0.60,0,6,0,167,274,0.609,69,116,187,251,56,46,40,61,0.79,1.09,17,1016.5,14.3,0.82
Grayson Allen,29,PHO,SG,G,64,7,1544,219,489,0.45,149,350,0.426,70,139,0.504,93,114,34,160,137,54,19,75,2.14,0.55,24,1015.5,15.9,0.66
Ziaire Williams,23,BRK,SF,F,63,45,1541,214,520,0.41,103,302,0.341,111,218,0.509,101,123,61,226,84,62,28,67,1.33,0.80,24,999.5,15.9,0.65
Jalen Smith,24,CHI,C,C,64,2,962,190,408,0.47,72,222,0.324,118,186,0.634,72,89,89,268,65,17,44,37,1.02,0.57,15,986,15.4,1.02
Dejounte Murray,28,NOP,PG,G,31,31,1012,194,494,0.39,52,174,0.299,142,320,0.444,102,124,17,183,228,63,12,106,7.35,0.46,33,983.5,31.7,0.97
Haywood Highsmith,28,MIA,SF,F,74,42,1818,179,391,0.46,89,233,0.382,90,158,0.57,31,43,72,180,112,68,37,54,1.51,0.48,25,980,13.2,0.54
Jonathan Mogbo,23,TOR,PF,F,63,18,1286,156,356,0.44,17,70,0.243,139,286,0.486,60,82,109,202,146,55,34,70,2.32,0.48,20,973.5,15.5,0.76
Jake LaRavia,23,2TM,PF,F,66,0,1349,160,337,0.48,60,142,0.423,100,195,0.513,78,115,90,169,158,62,23,86,2.39,0.54,20,969,14.7,0.72
Luka Dončić,25,DAL,PG,G,22,22,785,216,466,0.46,75,212,0.354,141,254,0.555,112,146,16,167,172,44,9,75,7.82,0.44,36,968,44.0,1.23
Jusuf Nurkić,30,2TM,C,C,51,32,1063,168,352,0.48,32,105,0.305,136,247,0.551,85,128,85,313,115,40,34,97,2.25,0.84,21,964,18.9,0.91
Jonathan Kuminga,22,GSW,PF,F,47,10,1144,258,568,0.45,46,151,0.305,212,417,0.508,157,235,56,161,104,38,21,71,2.21,0.68,24,954,20.3,0.83
Brice Sensabaugh,21,UTA,SF,F,71,15,1432,275,599,0.46,157,372,0.422,118,227,0.52,65,73,42,168,110,46,8,107,1.55,0.97,20,951,13.4,0.66
Ben Simmons,28,2TM,PG,G,51,24,1120,116,223,0.52,0,0,,116,223,0.52,24,33,47,194,285,38,23,102,5.59,0.36,22,950.5,18.6,0.85
Day'Ron Sharpe,23,BRK,C,C,50,2,907,165,317,0.52,11,45,0.244,154,272,0.566,56,74,149,181,91,41,42,63,1.82,0.69,18,938.5,18.8,1.03
Dorian Finney-Smith,31,2TM,PF,F,63,40,1818,195,435,0.45,129,314,0.411,66,121,0.545,30,45,80,167,90,58,23,56,1.43,0.62,29,938.5,14.9,0.52
Jonathan Isaac,27,ORL,PF,F,71,1,1090,134,324,0.41,39,151,0.258,95,173,0.549,73,107,120,194,40,61,80,33,0.56,0.83,15,938,13.2,0.86
Gradey Dick,21,TOR,SG,G,54,54,1587,265,647,0.41,114,326,0.35,151,321,0.47,133,155,44,149,98,48,10,83,1.81,0.85,29,936,17.3,0.59
Trayce Jackson-Davis,24,GSW,C,C,62,37,967,174,302,0.58,0,3,0,174,299,0.582,59,102,122,189,104,23,38,45,1.68,0.43,16,933.5,15.1,0.97
Jared Butler,24,2TM,SG,G,60,17,1044,203,453,0.45,60,169,0.355,143,284,0.504,75,91,25,85,220,42,13,80,3.67,0.36,17,920.5,15.3,0.88
Sam Hauser,27,BOS,PF,F,71,19,1541,214,474,0.45,166,399,0.416,48,75,0.64,11,11,44,180,64,41,13,23,0.90,0.36,22,911,12.8,0.59
Terance Mann,28,2TM,SG,G,67,13,1414,205,413,0.50,60,163,0.368,145,250,0.58,47,68,68,131,121,47,15,47,1.81,0.39,21,907.5,13.5,0.64
Jerami Grant,30,POR,PF,F,47,47,1524,214,574,0.37,108,296,0.365,106,278,0.381,141,166,26,137,101,41,46,65,2.15,0.64,32,906.5,19.3,0.59
Alex Caruso,30,OKC,SG,G,54,3,1041,140,314,0.45,60,170,0.353,80,144,0.556,42,51,38,121,137,87,30,37,2.54,0.27,19,902.5,16.7,0.87
Dalton Knecht,23,LAL,SF,F,78,16,1494,257,557,0.46,128,340,0.376,129,217,0.594,64,84,37,179,66,24,8,37,0.85,0.56,19,902.5,11.6,0.60
Corey Kispert,25,WAS,SF,F,61,0,1602,255,565,0.45,120,330,0.364,135,235,0.574,75,88,36,145,103,26,14,64,1.69,0.62,26,900.5,14.8,0.56
Trey Lyles,29,SAC,PF,F,69,5,1349,157,374,0.42,81,238,0.34,76,136,0.559,56,80,80,236,82,41,23,39,1.19,0.48,20,900.5,13.1,0.67
Patrick Williams,23,CHI,PF,F,63,36,1576,205,516,0.40,96,272,0.353,109,244,0.447,60,83,43,194,124,48,32,86,1.97,0.69,25,893.5,14.2,0.57
Max Strus,28,CLE,SF,F,50,37,1273,165,373,0.44,113,293,0.386,52,80,0.65,28,34,53,164,158,26,12,54,3.16,0.34,25,891.5,17.8,0.70
Amir Coffey,27,LAC,SG,G,72,13,1748,240,510,0.47,101,247,0.409,139,263,0.529,115,129,32,129,77,40,7,45,1.07,0.58,24,889,12.3,0.51
Cameron Payne,30,NYK,PG,G,72,5,1090,179,446,0.40,93,256,0.363,86,190,0.453,49,54,14,90,203,39,16,52,2.82,0.26,15,887,12.3,0.81
Zach Collins,27,2TM,PF,F,64,12,977,153,302,0.51,32,106,0.302,121,196,0.617,69,78,102,186,111,29,29,60,1.73,0.54,15,885,13.8,0.91
Tristan Da Silva,23,ORL,SF,F,74,38,1629,199,483,0.41,80,239,0.335,119,244,0.488,55,63,73,172,113,33,18,56,1.53,0.50,22,884.5,12.0,0.54
Ryan Dunn,22,PHO,SF,F,74,44,1410,205,477,0.43,82,264,0.311,123,213,0.577,19,39,92,175,57,44,40,40,0.77,0.70,19,880,11.9,0.62
Immanuel Quickley,25,TOR,PG,G,33,33,918,184,438,0.42,85,225,0.378,99,213,0.465,111,128,16,101,191,23,4,58,5.79,0.30,28,873.5,26.5,0.95
Kyle Anderson,31,2TM,PF,F,61,4,1002,142,303,0.47,25,70,0.357,117,233,0.502,48,65,53,153,145,40,33,37,2.38,0.26,16,862.5,14.1,0.86
Chet Holmgren,22,OKC,C,C,32,32,877,167,341,0.49,44,116,0.379,123,225,0.547,101,134,48,209,63,23,71,56,1.97,0.89,27,858.5,26.8,0.98
Bogdan Bogdanović,32,2TM,SG,G,54,4,1348,210,492,0.43,105,289,0.363,105,203,0.517,58,66,24,135,146,41,11,74,2.70,0.51,25,857,15.9,0.64
Jeremiah Robinson-Earl,24,NOP,PF,F,66,9,1239,158,347,0.46,56,164,0.341,102,183,0.557,46,55,110,205,88,39,7,51,1.33,0.58,19,855,13.0,0.69
Precious Achiuwa,25,NYK,C,C,57,10,1170,164,327,0.50,10,36,0.278,154,291,0.529,41,69,101,216,55,47,42,45,0.96,0.82,21,849,14.9,0.73
Dalano Banton,25,POR,PG,G,67,7,1120,198,507,0.39,72,222,0.324,126,285,0.442,91,125,30,105,160,43,34,86,2.39,0.54,17,839.5,12.5,0.75
Sam Merrill,28,CLE,SG,G,71,4,1401,172,424,0.41,137,368,0.372,35,56,0.625,28,29,38,119,108,53,14,35,1.52,0.32,20,838.5,11.8,0.60
Quentin Grimes,24,PHI,SG,G,28,25,943,215,458,0.47,82,220,0.373,133,238,0.559,100,133,29,116,127,42,12,80,4.54,0.63,34,835.5,29.8,0.89
Jaxson Hayes,24,LAL,C,C,56,35,1093,161,223,0.72,0,3,0,161,220,0.732,61,98,78,191,58,31,51,43,1.04,0.74,20,835.5,14.9,0.76
Kenrich Williams,30,OKC,PF,F,69,7,1132,171,354,0.48,66,171,0.386,105,183,0.574,28,39,65,176,97,43,10,39,1.41,0.40,16,834.5,12.1,0.74
Dereck Lively II,20,DAL,C,C,36,29,833,134,191,0.70,0,0,,134,191,0.702,46,73,104,166,85,20,56,41,2.36,0.48,23,834,23.2,1.00
Josh Green,24,CHO,SG,G,68,67,1887,180,421,0.43,97,248,0.391,83,173,0.48,49,72,56,116,108,74,15,70,1.59,0.65,28,828,12.2,0.44
A.J. Green,25,MIL,SG,G,73,7,1659,182,424,0.43,155,363,0.427,27,61,0.443,22,27,18,156,108,37,7,40,1.48,0.37,23,824.5,11.3,0.50
Thomas Bryant,27,2TM,C,C,66,8,963,163,321,0.51,48,148,0.324,115,173,0.665,55,64,83,168,53,28,41,30,0.80,0.57,15,822,12.5,0.85
Nikola Jović,21,MIA,PF,F,46,10,1156,172,377,0.46,78,210,0.371,94,167,0.563,72,87,26,154,131,38,13,60,2.85,0.46,25,821,17.8,0.71
Jarace Walker,21,IND,PF,F,75,5,1187,170,360,0.47,75,185,0.405,95,175,0.543,46,69,25,204,110,54,25,78,1.47,0.71,16,818,10.9,0.69
Vit Krejci,24,ATL,PG,G,57,16,1153,145,292,0.50,90,206,0.437,55,86,0.64,32,45,22,134,147,36,26,50,2.58,0.34,20,817,14.3,0.71
Zach LaVine,29,SAC,SG,G,32,32,1170,262,513,0.51,103,231,0.446,159,282,0.564,90,103,10,103,121,19,2,87,3.78,0.72,37,813,25.4,0.69
Tyrese Martin,25,BRK,SG,G,60,11,1315,189,465,0.41,99,282,0.351,90,183,0.492,46,58,58,161,122,34,9,74,2.03,0.61,22,809,13.5,0.62
Tre Jones,25,2TM,PG,G,46,9,905,128,238,0.54,19,48,0.396,109,190,0.574,55,67,31,85,192,37,10,35,4.17,0.18,20,808.5,17.6,0.89
Johnny Juzang,23,UTA,SG,G,64,18,1270,204,475,0.43,118,314,0.376,86,161,0.534,45,53,42,142,68,39,8,36,1.06,0.53,20,794.5,12.4,0.63
Ricky Council IV,23,PHI,SF,F,73,12,1250,177,463,0.38,55,213,0.258,122,250,0.488,123,153,51,163,97,32,13,52,1.33,0.54,17,793.5,10.9,0.63
Jalen Suggs,23,ORL,PG,G,35,35,1002,197,481,0.41,76,242,0.314,121,239,0.506,97,110,23,118,129,51,33,102,3.69,0.79,29,793,22.7,0.79
Cody Martin,29,2TM,SF,F,53,8,1173,136,325,0.42,43,151,0.285,93,174,0.534,43,61,53,171,105,56,32,51,1.98,0.49,22,789,14.9,0.67
Ron Holland,19,DET,SF,F,81,2,1266,197,416,0.47,36,151,0.238,161,265,0.608,92,122,40,178,82,49,17,72,1.01,0.88,16,787.5,9.7,0.62
De'Andre Hunter,27,ATL,SF,F,37,4,1064,227,492,0.46,97,247,0.393,130,245,0.531,151,176,27,118,57,31,5,59,1.54,1.04,29,783.5,21.2,0.74
Aaron Nesmith,25,IND,SF,F,45,37,1123,192,379,0.51,84,195,0.431,108,184,0.587,73,80,37,141,54,35,17,37,1.20,0.69,25,778.5,17.3,0.69
Jaylin Williams,22,OKC,PF,F,47,9,784,97,221,0.44,61,153,0.399,36,68,0.529,23,30,48,214,120,22,29,35,2.55,0.29,17,770.5,16.4,0.98
Gary Payton II,32,GSW,SG,G,62,11,927,171,298,0.57,31,95,0.326,140,203,0.69,27,38,53,132,83,52,17,39,1.34,0.47,15,768.5,12.4,0.83
Chris Boucher,32,TOR,PF,F,50,0,862,182,370,0.49,70,193,0.363,112,177,0.633,68,87,70,154,33,24,25,29,0.66,0.88,17,763.5,15.3,0.89
Khris Middleton,33,2TM,SF,F,37,21,843,160,337,0.48,48,133,0.361,112,204,0.549,72,84,13,124,150,35,8,56,4.05,0.37,23,763,20.6,0.91
Jimmy Butler,35,MIA,PF,F,25,25,766,142,263,0.54,13,36,0.361,129,227,0.568,129,161,55,76,120,27,10,30,4.80,0.25,31,762,30.5,0.99
Jake LaRavia,23,MEM,PF,F,47,0,982,118,241,0.49,40,90,0.444,78,151,0.517,67,96,67,138,133,44,20,69,2.83,0.52,21,761.5,16.2,0.78
Nicolas Batum,36,LAC,PF,F,78,8,1367,104,238,0.44,88,203,0.433,16,35,0.457,17,21,47,171,84,52,36,34,1.08,0.40,18,761.5,9.8,0.56
Julian Strawther,22,DEN,SG,G,65,4,1384,210,486,0.43,94,269,0.349,116,217,0.535,74,90,17,125,83,39,16,57,1.28,0.69,21,754.5,11.6,0.55
Jordan Clarkson,32,UTA,SG,G,37,9,962,201,493,0.41,84,232,0.362,117,261,0.448,114,143,25,93,138,31,9,86,3.73,0.62,26,754,20.4,0.78
Kelly Olynyk,33,2TM,C,C,44,22,891,134,268,0.50,33,79,0.418,101,189,0.534,83,108,62,144,128,33,19,76,2.91,0.59,20,749.5,17.0,0.84
Javonte Green,31,2TM,SG,G,68,19,1258,123,287,0.43,46,141,0.326,77,146,0.527,55,76,59,159,56,65,31,32,0.82,0.57,19,742,10.9,0.59
Dean Wade,28,CLE,PF,F,59,30,1252,112,271,0.41,80,222,0.36,32,49,0.653,16,30,51,198,76,42,20,22,1.29,0.29,21,740,12.5,0.59
Quentin Grimes,24,DAL,SG,G,47,12,1070,169,365,0.46,80,201,0.398,89,164,0.543,62,81,30,149,101,32,10,61,2.15,0.60,23,730.5,15.5,0.68
Thomas Bryant,27,IND,C,C,56,8,848,151,293,0.52,42,131,0.321,109,162,0.673,44,53,77,142,49,27,32,28,0.88,0.57,15,730,13.0,0.86
Nick Smith Jr.,20,CHO,SG,G,60,27,1369,222,568,0.39,104,306,0.34,118,262,0.45,43,46,13,115,145,17,6,82,2.42,0.57,23,723,12.1,0.53
Ben Simmons,28,BRK,PG,G,33,24,825,93,170,0.55,0,0,,93,170,0.547,18,26,30,142,229,26,16,88,6.94,0.38,25,714.5,21.7,0.87
Jordan Hawkins,22,NOP,SG,G,56,9,1321,207,556,0.37,110,332,0.331,97,224,0.433,80,98,25,133,66,30,23,58,1.18,0.88,24,713,12.7,0.54
Adem Bona,21,PHI,C,C,58,11,905,135,192,0.70,0,1,0,135,191,0.707,67,100,92,153,27,26,69,61,0.47,2.26,16,705,12.2,0.78
Brandon Miller,22,CHO,SF,F,27,27,924,198,491,0.40,104,293,0.355,94,198,0.475,68,79,25,106,98,29,20,76,3.63,0.78,34,701.5,26.0,0.76
Steven Adams,31,HOU,C,C,58,3,794,91,167,0.55,0,2,0,91,165,0.552,43,93,166,161,66,22,28,54,1.14,0.82,14,696,12.0,0.88
Caris LeVert,30,CLE,SF,F,38,3,904,135,298,0.45,60,148,0.405,75,150,0.5,58,83,22,85,140,33,19,51,3.68,0.36,24,694,18.3,0.77
Kevin Porter Jr.,24,LAC,SG,G,45,2,884,172,407,0.42,26,106,0.245,146,301,0.485,49,76,29,131,144,43,11,84,3.20,0.58,20,690.5,15.3,0.78
Brandon Boston Jr.,23,NOP,SG,G,42,10,993,166,381,0.44,49,140,0.35,117,241,0.485,67,85,28,106,92,53,9,52,2.19,0.57,24,683.5,16.3,0.69
Jaden Ivey,22,DET,SG,G,30,30,898,190,413,0.46,63,154,0.409,127,259,0.49,85,116,40,84,119,28,11,89,3.97,0.75,30,683,22.8,0.76
Ja'Kobe Walter,20,TOR,SG,G,52,18,1103,159,393,0.41,65,186,0.349,94,207,0.454,66,83,59,101,81,43,10,50,1.56,0.62,21,681,13.1,0.62
Neemias Queta,25,BOS,C,C,62,6,863,132,203,0.65,0,3,0,132,200,0.66,46,61,89,147,45,18,42,40,0.73,0.89,14,677.5,10.9,0.79
Simone Fontecchio,29,DET,SF,F,75,0,1237,150,373,0.40,76,227,0.335,74,146,0.507,70,84,52,163,65,31,12,54,0.87,0.83,16,676.5,9.0,0.55
Ben Sheppard,23,IND,SG,G,63,9,1228,120,287,0.42,68,199,0.342,52,88,0.591,24,27,44,133,85,38,14,22,1.35,0.26,19,676,10.7,0.55
Gabe Vincent,28,LAL,PG,G,72,11,1527,168,420,0.40,109,309,0.353,59,111,0.532,15,21,20,72,98,51,13,41,1.36,0.42,21,675,9.4,0.44
Caleb Martin,29,2TM,SF,F,45,24,1218,129,304,0.42,37,103,0.359,92,201,0.458,61,98,53,124,95,46,23,56,2.11,0.59,27,669.5,14.9,0.55
Justin Edwards,21,PHI,SF,F,44,26,1155,172,378,0.46,69,190,0.363,103,188,0.548,32,46,46,102,69,45,16,49,1.57,0.71,26,668,15.2,0.58
Nick Richards,27,PHO,C,C,36,34,816,141,233,0.61,0,1,0,141,232,0.608,60,73,97,211,21,7,29,48,0.58,2.29,23,664,18.4,0.81
Trendon Watford,24,BRK,PF,F,44,6,913,164,350,0.47,29,88,0.33,135,262,0.515,93,122,37,123,115,27,12,83,2.61,0.72,21,663,15.1,0.73
D'Angelo Russell,28,BRK,PG,G,29,26,717,120,327,0.37,57,192,0.297,63,135,0.467,76,92,12,70,161,33,19,58,5.55,0.36,25,659.5,22.7,0.92
Tidjane Salaün,19,CHO,PF,F,60,10,1244,114,345,0.33,58,205,0.283,56,140,0.4,67,94,70,210,74,29,14,58,1.23,0.78,21,657,11.0,0.53
Jay Huff,26,MEM,C,C,64,2,748,157,305,0.52,81,200,0.405,76,105,0.724,44,56,30,99,38,16,56,34,0.59,0.89,12,655,10.2,0.88
Davion Mitchell,26,MIA,PG,G,30,15,947,117,232,0.50,42,94,0.447,75,138,0.543,33,47,19,63,160,41,8,50,5.33,0.31,32,654,21.8,0.69
Andre Drummond,31,PHI,C,C,40,23,751,117,234,0.50,3,20,0.15,114,214,0.533,56,90,109,201,34,39,18,55,0.85,1.62,19,654,16.4,0.87
Cam Thomas,23,BRK,SG,G,25,23,781,199,454,0.44,68,195,0.349,131,259,0.506,133,151,15,68,94,15,2,62,3.76,0.66,31,651,26.0,0.83
Cody Martin,29,CHO,SF,F,39,8,967,116,268,0.43,40,124,0.323,76,144,0.528,34,49,40,136,89,43,26,42,2.28,0.47,25,650.5,16.7,0.67
Sandro Mamukelashvili,25,SAS,PF,F,61,0,681,141,281,0.50,60,161,0.373,81,120,0.675,43,58,62,125,48,22,17,26,0.79,0.54,11,647.5,10.6,0.95
Dennis Schröder,31,BRK,PG,G,23,23,772,147,325,0.45,58,150,0.387,89,175,0.509,72,81,4,64,152,26,4,59,6.61,0.39,34,646.5,28.1,0.84
Karlo Matković,23,NOP,PF,F,42,7,791,135,235,0.57,21,66,0.318,114,169,0.675,34,44,64,145,46,22,41,43,1.10,0.93,19,643,15.3,0.81
Georges Niang,31,CLE,PF,F,51,1,1053,166,348,0.48,90,225,0.4,76,123,0.618,23,29,34,155,67,17,7,48,1.31,0.72,21,643,12.6,0.61
Oso Ighodaro,22,PHO,PF,F,61,6,1045,113,187,0.60,0,2,0,113,185,0.611,29,50,66,156,71,28,29,39,1.16,0.55,17,640.5,10.5,0.61
Joel Embiid,30,PHI,C,C,19,19,574,140,315,0.44,23,77,0.299,117,238,0.492,149,169,36,119,85,14,18,62,4.47,0.73,30,637.5,33.6,1.11
Davion Mitchell,26,TOR,PG,G,44,22,1080,106,244,0.43,42,117,0.359,64,127,0.504,25,37,16,69,203,31,8,78,4.61,0.38,25,625,14.2,0.58
Javonte Green,31,NOP,SG,G,50,18,1092,100,224,0.45,38,108,0.352,62,116,0.534,50,66,49,129,45,55,30,28,0.90,0.62,22,624.5,12.5,0.57
Julian Phillips,21,CHI,SF,F,79,5,1123,128,287,0.45,50,153,0.327,78,134,0.582,60,76,67,102,39,38,20,27,0.49,0.69,14,621,7.9,0.55
Cam Whitmore,20,HOU,SF,F,51,3,827,179,403,0.44,65,183,0.355,114,220,0.518,54,72,36,115,49,31,13,46,0.96,0.94,16,619,12.1,0.75
Ryan Rollins,22,MIL,PG,G,56,19,820,132,271,0.49,49,120,0.408,83,151,0.55,36,45,21,87,104,42,17,53,1.86,0.51,15,613.5,11.0,0.75
Drew Eubanks,27,2TM,C,C,61,4,746,115,194,0.59,3,6,0.5,112,188,0.596,47,71,60,166,54,12,39,41,0.89,0.76,12,612.5,10.0,0.82
Marcus Sasser,24,DET,PG,G,57,1,811,137,296,0.46,58,152,0.382,79,144,0.549,43,51,18,51,133,37,4,54,2.33,0.41,14,609.5,10.7,0.75
Orlando Robinson,24,2TM,C,C,44,8,770,116,261,0.44,17,52,0.327,99,209,0.474,54,70,89,131,77,17,16,49,1.75,0.64,18,609,13.8,0.79
Kevin Porter Jr.,24,MIL,SG,G,30,2,598,121,245,0.49,29,71,0.408,92,174,0.529,81,93,13,105,112,38,2,52,3.73,0.46,20,608.5,20.3,1.02
Kyle Kuzma,29,MIL,PF,F,33,32,1049,179,393,0.46,51,153,0.333,128,240,0.533,69,104,27,158,73,16,12,73,2.21,1.00,32,608,18.4,0.58
Bruce Brown,28,2TM,PG,G,41,12,922,130,309,0.42,27,81,0.333,103,228,0.452,53,65,40,124,84,34,10,39,2.05,0.46,22,606.5,14.8,0.66
Max Christie,21,LAL,SG,G,46,25,1154,128,288,0.44,60,163,0.368,68,125,0.544,74,87,25,98,66,35,21,39,1.43,0.59,25,605,13.2,0.52
DeAndre Jordan,36,DEN,C,C,56,5,691,91,140,0.65,0,0,,91,140,0.65,27,64,84,200,53,16,27,40,0.95,0.75,12,604,10.8,0.87
Jamison Battle,23,TOR,SF,F,59,10,1042,149,347,0.43,105,259,0.405,44,88,0.5,16,18,37,121,53,17,10,27,0.90,0.51,18,601.5,10.2,0.58
Jonas Valančiūnas,32,SAC,C,C,32,9,541,114,205,0.56,1,10,0.1,113,195,0.579,50,59,70,153,56,15,18,32,1.75,0.57,17,601,18.8,1.11
Seth Curry,34,CHO,SG,G,68,14,1062,164,343,0.48,83,182,0.456,81,161,0.503,33,39,24,89,60,27,7,32,0.88,0.53,16,600.5,8.8,0.57
Isaac Okoro,24,CLE,SG,G,55,22,1053,124,267,0.46,56,151,0.371,68,116,0.586,33,46,49,81,68,32,16,23,1.24,0.34,19,599.5,10.9,0.57
Kyle Kuzma,29,WAS,PF,F,32,30,887,191,455,0.42,45,160,0.281,146,295,0.495,59,98,27,158,79,20,7,73,2.47,0.92,28,599,18.7,0.68
Lonzo Ball,27,CHI,PG,G,35,14,777,89,243,0.37,67,195,0.344,22,48,0.458,22,27,25,93,115,47,17,41,3.29,0.36,22,594,17.0,0.76
Dalen Terry,22,CHI,SG,G,73,5,987,120,268,0.45,37,104,0.356,83,164,0.506,49,69,38,86,97,44,15,53,1.33,0.55,14,591,8.1,0.60
Dorian Finney-Smith,31,LAL,PF,F,43,20,1239,122,276,0.44,82,206,0.398,40,70,0.571,15,21,49,107,59,40,11,38,1.37,0.64,29,585.5,13.6,0.47
Caris LeVert,30,ATL,SG,G,26,0,692,145,301,0.48,46,136,0.338,99,165,0.6,52,72,19,77,75,24,14,25,2.88,0.33,27,581.5,22.4,0.84
Noah Clowney,20,BRK,PF,F,46,20,1042,133,372,0.36,87,261,0.333,46,111,0.414,67,80,43,138,40,24,21,46,0.87,1.15,23,574.5,12.5,0.55
D'Angelo Russell,28,LAL,PG,G,29,10,763,129,311,0.42,56,168,0.333,73,143,0.51,45,53,8,72,136,23,4,50,4.69,0.37,26,574,19.8,0.75
Jabari Walker,22,POR,SF,F,60,1,749,118,229,0.52,28,72,0.389,90,157,0.573,49,71,59,152,37,33,6,34,0.62,0.92,12,571,9.5,0.76
Kris Murray,24,POR,SF,F,69,6,1040,117,279,0.42,27,120,0.225,90,159,0.566,26,57,76,106,68,35,17,43,0.99,0.63,15,564.5,8.2,0.54
Jared Butler,24,PHI,SG,G,28,17,682,118,277,0.43,45,128,0.352,73,149,0.49,40,46,11,58,138,30,8,51,4.93,0.37,24,563,20.1,0.83
Orlando Robinson,24,TOR,C,C,35,8,713,109,244,0.45,16,47,0.34,93,197,0.472,50,63,86,120,68,14,15,45,1.94,0.66,20,563,16.1,0.79
Dennis Schröder,31,DET,PG,G,28,8,705,95,251,0.38,32,106,0.302,63,145,0.434,80,96,13,61,147,15,5,35,5.25,0.24,25,560.5,20.0,0.80
Kevin Huerter,26,SAC,SG,G,43,15,899,128,310,0.41,62,205,0.302,66,105,0.629,20,28,19,101,74,36,16,37,1.72,0.50,21,550.5,12.8,0.61
Max Christie,21,DAL,SG,G,32,11,973,124,302,0.41,55,151,0.364,69,151,0.457,56,65,13,122,80,29,10,49,2.50,0.61,30,547,17.1,0.56
Talen Horton-Tucker,24,CHI,SG,G,58,0,724,133,291,0.46,41,122,0.336,92,169,0.544,72,98,19,81,83,21,11,40,1.43,0.48,12,546.5,9.4,0.75
Moritz Wagner,27,ORL,C,C,30,1,564,140,249,0.56,27,75,0.36,113,174,0.649,79,110,40,108,42,24,12,49,1.40,1.17,19,542,18.1,0.96
Bogdan Bogdanović,32,LAC,SG,G,30,4,750,127,268,0.47,61,143,0.427,66,125,0.528,28,32,12,81,97,21,5,37,3.23,0.38,25,541.5,18.1,0.72
Quinten Post,24,GSW,PF,F,42,14,686,123,274,0.45,73,179,0.408,50,95,0.526,21,27,35,113,56,16,18,33,1.33,0.59,16,541,12.9,0.79
Shake Milton,28,2TM,SG,G,57,2,837,115,254,0.45,38,106,0.358,77,148,0.52,47,59,31,73,102,25,4,40,1.79,0.39,15,541,9.5,0.65
De'Aaron Fox,27,SAS,PG,G,17,17,578,125,280,0.45,26,95,0.274,99,185,0.535,59,72,9,64,116,25,5,41,6.82,0.35,34,538.5,31.7,0.93
Andre Jackson Jr.,23,MIL,SG,G,67,43,980,94,197,0.48,30,76,0.395,64,121,0.529,12,24,65,117,83,34,14,58,1.24,0.70,15,533,8.0,0.54
Kevin Huerter,26,CHI,SG,G,26,16,780,129,294,0.44,70,186,0.376,59,108,0.546,15,21,11,74,82,30,7,30,3.15,0.37,30,526,20.2,0.67
Alec Burks,33,MIA,SG,G,49,14,863,115,271,0.42,88,207,0.425,27,64,0.422,38,49,15,109,55,28,7,29,1.12,0.53,18,526,10.7,0.61
Gui Santos,22,GSW,PF,F,56,2,762,82,179,0.46,34,103,0.33,48,76,0.632,29,42,72,100,80,25,10,42,1.43,0.53,14,526,9.4,0.69
Jaden Hardy,22,DAL,SG,G,57,3,907,180,414,0.44,76,197,0.386,104,217,0.479,60,86,9,80,81,28,5,82,1.42,1.01,16,523.5,9.2,0.58
Zach Collins,27,CHI,PF,F,28,8,552,92,170,0.54,18,60,0.3,74,110,0.673,38,43,64,123,59,15,14,37,2.11,0.63,20,519.5,18.6,0.94
Caleb Martin,29,PHI,SF,F,31,24,943,101,232,0.44,33,87,0.379,68,145,0.469,46,74,43,93,69,34,20,43,2.23,0.62,30,519,16.7,0.55
Brandon Ingram,27,NOP,SF,F,18,18,595,155,333,0.47,43,115,0.374,112,218,0.514,47,55,17,83,93,16,11,69,5.17,0.74,33,517.5,28.8,0.87
DaQuan Jeffries,27,CHO,SG,G,47,20,1071,118,291,0.41,55,164,0.335,63,127,0.496,24,30,37,98,53,26,25,35,1.13,0.66,23,517,11.0,0.48
Richaun Holmes,31,WAS,PF,F,31,7,534,90,139,0.65,0,3,0,90,136,0.662,50,60,62,115,42,9,23,21,1.35,0.50,17,514.5,16.6,0.96
De'Andre Hunter,27,CLE,SF,F,27,5,676,131,270,0.49,60,141,0.426,71,129,0.55,64,78,17,96,35,19,8,23,1.30,0.66,25,509,18.9,0.75
Marcus Smart,30,2TM,PG,G,34,7,680,101,257,0.39,49,141,0.348,52,116,0.448,54,71,18,54,109,39,9,54,3.21,0.50,20,505.5,14.9,0.74
Garrison Mathews,28,ATL,SG,G,47,2,830,102,257,0.40,85,218,0.39,17,39,0.436,64,78,13,74,60,26,15,31,1.28,0.52,18,502,10.7,0.60
KJ Simpson,22,CHO,PG,G,36,15,842,104,301,0.35,33,130,0.254,71,171,0.415,41,50,39,70,112,34,6,56,3.11,0.50,23,499.5,13.9,0.59
Aaron Holiday,28,HOU,PG,G,62,3,792,117,268,0.44,72,181,0.398,45,87,0.517,34,41,13,65,83,19,11,37,1.34,0.45,13,497.5,8.0,0.63
Khris Middleton,33,MIL,SF,F,23,7,534,108,211,0.51,35,86,0.407,73,125,0.584,39,46,5,80,102,17,5,37,4.43,0.36,23,496.5,21.6,0.93
Jusuf Nurkić,30,CHO,C,C,26,9,471,94,189,0.50,13,46,0.283,81,143,0.566,37,59,39,130,68,17,18,40,2.62,0.59,18,494,19.0,1.05
KJ Martin,24,2TM,PF,F,43,16,912,111,201,0.55,15,58,0.259,96,143,0.671,37,47,30,95,48,17,22,24,1.12,0.50,21,490,11.4,0.54
Malcolm Brogdon,32,WAS,PG,G,24,13,564,104,240,0.43,16,56,0.286,88,184,0.478,81,92,21,70,98,13,5,38,4.08,0.39,24,489,20.4,0.87
Josh Okogie,26,2TM,SG,G,40,7,625,94,212,0.44,32,92,0.348,62,120,0.517,63,85,45,68,33,48,18,31,0.83,0.94,16,484.5,12.1,0.78
Jeff Dowtin Jr.,27,PHI,PG,G,41,3,621,112,230,0.49,28,70,0.4,84,160,0.525,33,45,12,48,78,24,12,15,1.90,0.19,15,484,11.8,0.78
Drew Eubanks,27,UTA,C,C,37,4,568,88,145,0.61,3,5,0.6,85,140,0.607,36,57,40,128,45,10,32,31,1.22,0.69,15,476,12.9,0.84
Kyle Anderson,31,GSW,PF,F,36,3,541,76,169,0.45,19,52,0.365,57,117,0.487,18,27,27,83,81,26,20,20,2.25,0.25,15,475.5,13.2,0.88
Terance Mann,28,ATL,SG,G,30,1,682,118,218,0.54,34,88,0.386,84,130,0.646,24,36,36,56,62,19,4,22,2.07,0.35,23,474,15.8,0.70
Jusuf Nurkić,30,PHO,C,C,25,23,592,74,163,0.45,19,59,0.322,55,104,0.529,48,69,46,183,47,23,16,57,1.88,1.21,24,470,18.8,0.79
Tristan Vukcevic,21,WAS,C,C,35,1,513,120,242,0.50,38,102,0.373,82,140,0.586,52,67,26,104,39,11,23,42,1.11,1.08,15,466.5,13.3,0.91
Daniel Theis,32,NOP,C,C,38,9,621,61,129,0.47,9,37,0.243,52,92,0.565,31,37,44,120,60,18,20,25,1.58,0.42,16,457,12.0,0.74
Paul Reed,25,DET,C,C,45,0,438,72,142,0.51,8,28,0.286,64,114,0.561,32,42,40,83,44,39,25,26,0.98,0.59,10,451,10.0,1.03
Pelle Larsson,23,MIA,SG,G,55,8,782,89,203,0.44,32,95,0.337,57,108,0.528,41,61,28,64,65,32,7,24,1.18,0.37,14,450,8.2,0.58
Mouhamed Gueye,22,ATL,PF,F,33,28,533,72,171,0.42,21,81,0.259,51,90,0.567,32,42,44,95,27,28,33,15,0.82,0.56,16,449.5,13.6,0.84
Jalen Pickett,25,DEN,SG,G,49,4,666,77,180,0.43,40,101,0.396,37,79,0.468,6,8,15,56,107,19,5,24,2.18,0.22,14,440,9.0,0.66
Svi Mykhailiuk,27,UTA,SF,F,38,13,760,118,302,0.39,70,203,0.345,48,99,0.485,28,35,22,68,76,19,7,52,2.00,0.68,20,439.5,11.6,0.58
Jarred Vanderbilt,25,LAL,PF,F,36,2,581,59,121,0.49,9,32,0.281,50,89,0.562,20,36,68,114,41,35,10,29,1.14,0.71,16,438,12.2,0.75
Tre Jones,25,CHI,PG,G,18,9,455,83,145,0.57,11,22,0.5,72,123,0.585,30,34,16,42,88,19,5,14,4.89,0.16,25,436,24.2,0.96
Lindy Waters III,27,2TM,SG,G,52,9,778,92,249,0.37,64,186,0.344,28,63,0.444,8,11,20,90,52,27,11,20,1.00,0.38,15,436,8.4,0.56
Terance Mann,28,LAC,SG,G,37,12,732,87,195,0.45,26,75,0.347,61,120,0.508,23,32,32,75,59,28,11,25,1.59,0.42,20,433.5,11.7,0.59
Tosan Evbuomwan,23,BRK,SF,F,28,0,665,94,220,0.43,24,77,0.312,70,143,0.49,55,73,32,88,55,24,10,39,1.96,0.71,24,431,15.4,0.65
Blake Wesley,21,SAS,SG,G,58,0,683,81,186,0.44,17,58,0.293,64,128,0.5,38,61,17,44,114,37,6,54,1.97,0.47,12,428.5,7.4,0.63
Andrew Wiggins,29,MIA,SF,F,17,17,546,115,251,0.46,36,100,0.36,79,151,0.523,57,78,23,49,56,20,17,43,3.29,0.77,32,428,25.2,0.78
Kelly Olynyk,33,NOP,C,C,20,20,508,75,150,0.50,14,36,0.389,61,114,0.535,49,65,37,80,72,17,11,41,3.60,0.57,25,421,21.1,0.83
Brandon Williams,25,DAL,PG,G,33,3,487,98,188,0.52,24,60,0.4,74,128,0.578,55,66,12,46,76,24,5,39,2.30,0.51,15,420.5,12.7,0.86
Kai Jones,24,2TM,C,C,40,6,468,87,109,0.80,1,5,0.2,86,104,0.827,23,32,40,85,25,15,23,18,0.63,0.72,12,417.5,10.4,0.89
Pat Connaughton,32,MIL,SG,G,41,1,603,83,177,0.47,26,81,0.321,57,96,0.594,24,31,19,90,70,9,11,24,1.71,0.34,15,416,10.1,0.69
Reed Sheppard,20,HOU,PG,G,52,3,654,84,239,0.35,48,142,0.338,36,97,0.371,13,16,16,62,75,35,17,37,1.44,0.49,13,416,8.0,0.64
Jared McCain,20,PHI,SG,G,23,8,592,126,274,0.46,51,133,0.383,75,141,0.532,49,56,13,43,60,15,0,37,2.61,0.62,26,413,18.0,0.70
Elfrid Payton,30,2TM,PG,G,24,9,511,40,122,0.33,1,6,0.167,39,116,0.336,4,7,15,64,166,24,11,59,6.92,0.36,21,413,17.2,0.81
Collin Gillespie,25,PHO,PG,G,33,9,461,68,158,0.43,39,90,0.433,29,68,0.426,19,22,22,56,78,21,5,17,2.36,0.22,14,410.5,12.4,0.89
Vasilije Micić,31,CHO,PG,G,36,16,764,95,273,0.35,45,125,0.36,50,148,0.338,34,41,20,67,127,15,0,74,3.53,0.58,21,409.5,11.4,0.54
Kyle Lowry,38,PHI,PG,G,35,12,659,41,117,0.35,29,88,0.33,12,29,0.414,27,33,11,56,96,33,11,21,2.74,0.22,19,407.5,11.6,0.62
Vasilije Micić,31,2TM,PG,G,41,16,785,95,273,0.35,45,125,0.36,50,148,0.338,34,41,20,69,128,15,0,77,3.12,0.60,19,407.5,9.9,0.52
Georges Niang,31,ATL,PF,F,28,2,644,120,272,0.44,76,184,0.413,44,88,0.5,23,29,13,70,44,11,7,34,1.57,0.77,23,405.5,14.5,0.63
Dennis Schröder,31,GSW,SG,G,24,18,628,94,251,0.38,37,115,0.322,57,136,0.419,29,39,10,46,105,25,3,48,4.38,0.46,26,401.5,16.7,0.64
Eric Gordon,36,PHI,SG,G,39,13,768,87,204,0.43,56,137,0.409,31,67,0.463,36,48,8,38,65,26,12,28,1.67,0.43,20,401.5,10.3,0.52
Jock Landale,29,HOU,C,C,42,3,500,81,152,0.53,11,26,0.423,70,126,0.556,27,40,56,81,37,13,10,21,0.88,0.57,12,401,9.5,0.80
Olivier-Maxence Prosper,22,DAL,PF,F,52,4,584,70,174,0.40,12,51,0.235,58,123,0.472,49,76,44,82,40,26,6,14,0.77,0.35,11,399.5,7.7,0.68
Jae'Sean Tate,29,HOU,SF,F,52,2,588,70,148,0.47,16,46,0.348,54,102,0.529,32,47,50,67,47,26,7,22,0.90,0.47,11,399.5,7.7,0.68
Monte Morris,29,PHO,PG,G,45,0,571,83,195,0.43,31,86,0.36,52,109,0.477,36,42,12,55,73,20,3,21,1.62,0.29,13,397,8.8,0.70
John Konchar,28,MEM,SG,G,46,4,558,41,91,0.45,23,62,0.371,18,29,0.621,7,8,37,114,42,30,14,16,0.91,0.38,12,396,8.6,0.71
Herbert Jones,26,NOP,SF,F,20,20,648,75,172,0.44,22,72,0.306,53,100,0.53,33,40,22,56,65,37,9,35,3.25,0.54,32,394,19.7,0.61
Dwight Powell,33,DAL,C,C,55,3,551,42,61,0.69,2,5,0.4,40,56,0.714,28,43,47,71,55,18,21,18,1.00,0.33,10,390.5,7.1,0.71
Zeke Nnaji,24,DEN,PF,F,57,4,608,70,141,0.50,17,52,0.327,53,89,0.596,27,44,33,57,23,25,38,14,0.40,0.61,11,390.5,6.9,0.64
Ajay Mitchell,22,OKC,SG,G,36,1,597,91,184,0.50,23,60,0.383,68,124,0.548,29,35,18,50,64,25,4,29,1.78,0.45,17,389.5,10.8,0.65
Kessler Edwards,24,DAL,SF,F,40,18,608,67,135,0.50,22,54,0.407,45,81,0.556,12,13,22,93,42,19,20,16,1.05,0.38,15,389.5,9.7,0.64
Larry Nance Jr.,32,ATL,PF,F,24,3,463,80,155,0.52,34,76,0.447,46,79,0.582,9,13,23,80,38,20,13,16,1.58,0.42,19,388,16.2,0.84
Nick Richards,27,CHO,C,C,21,9,440,64,114,0.56,0,1,0,64,113,0.566,59,87,51,107,28,7,26,33,1.33,1.18,21,387.5,18.5,0.88
Kyle Anderson,31,MIA,SF,F,25,1,461,66,134,0.49,6,18,0.333,60,116,0.517,30,38,26,70,64,14,13,17,2.56,0.27,18,387,15.5,0.84
Bol Bol,25,PHO,PF,F,36,10,448,96,183,0.53,32,93,0.344,64,90,0.711,20,26,20,84,22,9,25,20,0.61,0.91,12,383.5,10.7,0.86
Charles Bassey,24,SAS,C,C,36,1,376,68,117,0.58,0,0,,68,117,0.581,21,33,56,96,17,14,30,23,0.47,1.35,10,382.5,10.6,1.02
Cory Joseph,33,ORL,PG,G,50,16,612,62,154,0.40,39,107,0.364,23,47,0.489,14,18,17,57,72,26,4,18,1.44,0.25,12,379.5,7.6,0.62
Bismack Biyombo,32,SAS,C,C,28,26,528,67,114,0.59,0,0,,67,114,0.588,10,25,43,115,31,16,23,27,1.11,0.87,19,378.5,13.5,0.72
Antonio Reeves,24,NOP,SG,G,44,6,660,113,248,0.46,51,129,0.395,62,119,0.521,28,35,18,45,39,21,4,30,0.89,0.77,15,374,8.5,0.57
Jericho Sims,26,2TM,C,C,53,5,632,45,71,0.63,0,0,,45,71,0.634,8,13,71,126,33,10,19,33,0.62,1.00,12,373,7.0,0.59
Tre Jones,25,SAS,PG,G,28,0,450,45,93,0.48,8,26,0.308,37,67,0.552,25,33,15,43,104,18,5,21,3.71,0.20,16,372.5,13.3,0.83
Cody Williams,20,UTA,SG,G,50,21,1060,83,257,0.32,35,135,0.259,48,122,0.393,29,40,27,86,59,23,16,44,1.18,0.75,21,372,7.4,0.35
Caleb Houstan,22,ORL,SF,F,58,6,788,80,190,0.42,64,160,0.4,16,30,0.533,15,17,19,56,35,22,6,13,0.60,0.37,14,367.5,6.3,0.47
Zach Collins,27,SAS,C,C,36,4,425,61,132,0.46,14,46,0.304,47,86,0.547,31,35,38,63,52,14,15,23,1.44,0.44,12,365.5,10.2,0.86
Jordan Goodwin,26,LAL,PG,G,29,5,543,63,144,0.44,26,68,0.382,37,76,0.487,9,11,38,74,42,30,11,26,1.45,0.62,19,364.5,12.6,0.67
Micah Potter,26,UTA,C,C,38,10,705,57,135,0.42,31,98,0.316,26,37,0.703,17,20,43,121,31,14,14,31,0.82,1.00,19,363,9.6,0.51
Lindy Waters III,27,GSW,SG,G,38,9,655,76,205,0.37,49,148,0.331,27,57,0.474,8,11,16,80,42,22,10,17,1.11,0.40,17,361,9.5,0.55
Delon Wright,32,2TM,PG,G,40,7,635,45,131,0.34,20,73,0.274,25,58,0.431,15,25,27,39,77,35,12,22,1.93,0.29,16,360.5,9.0,0.57
Bruce Brown,28,NOP,PG,G,23,12,569,73,178,0.41,16,45,0.356,57,133,0.429,27,36,23,73,56,17,7,20,2.43,0.36,25,359.5,15.6,0.63
Elfrid Payton,30,NOP,PG,G,18,7,388,37,101,0.37,1,6,0.167,36,95,0.379,4,7,14,52,146,18,8,52,8.11,0.36,22,358.5,19.9,0.92
Jared Butler,24,WAS,PG,G,32,0,362,85,176,0.48,15,41,0.366,70,135,0.519,35,45,14,27,82,12,5,29,2.56,0.35,11,357.5,11.2,0.99
Craig Porter Jr.,24,CLE,PG,G,51,1,513,72,140,0.51,21,48,0.438,51,92,0.554,23,32,19,48,71,17,15,38,1.39,0.54,10,356,7.0,0.69
Dorian Finney-Smith,31,BRK,PF,F,20,20,579,73,159,0.46,47,108,0.435,26,51,0.51,15,24,31,60,31,18,12,18,1.55,0.58,29,353,17.7,0.61
Landry Shamet,27,NYK,SG,G,50,0,762,106,230,0.46,62,156,0.397,44,74,0.595,12,18,11,50,27,23,2,22,0.54,0.81,15,347.5,7.0,0.46
Rob Dillingham,20,MIN,PG,G,49,1,516,93,211,0.44,25,74,0.338,68,137,0.496,8,15,12,38,98,20,1,53,2.00,0.54,11,344.5,7.0,0.67
Keaton Wallace,25,ATL,PG,G,31,5,501,65,162,0.40,27,82,0.329,38,80,0.475,11,11,7,43,81,28,9,33,2.61,0.41,16,343,11.1,0.68
Mo Bamba,26,2TM,C,C,32,2,413,52,112,0.46,15,54,0.278,37,58,0.638,19,27,32,113,18,9,31,20,0.56,1.11,13,341,10.7,0.83
A.J. Lawson,24,TOR,SG,G,26,2,486,80,190,0.42,33,101,0.327,47,89,0.528,43,63,20,66,31,13,6,15,1.19,0.48,19,337,13.0,0.69
Robert Williams,27,POR,C,C,20,3,351,50,78,0.64,1,3,0.333,49,75,0.653,15,17,35,83,21,13,33,17,1.05,0.81,18,336.5,16.8,0.96
Colby Jones,22,2TM,SG,G,39,0,515,59,129,0.46,16,49,0.327,43,80,0.538,23,35,21,66,44,26,13,23,1.13,0.52,13,333.5,8.6,0.65
Shake Milton,28,BRK,SG,G,27,1,492,73,157,0.47,28,72,0.389,45,85,0.529,25,33,16,35,64,15,1,20,2.37,0.31,18,332,12.3,0.67
Duop Reath,28,POR,C,C,46,0,469,70,166,0.42,34,106,0.321,36,60,0.6,20,22,44,48,26,12,14,16,0.57,0.62,10,331,7.2,0.71
Lonnie Walker IV,26,PHI,SG,G,20,7,477,89,212,0.42,45,127,0.354,44,85,0.518,24,30,6,57,50,10,5,25,2.50,0.50,24,328.5,16.4,0.69
Kelly Olynyk,33,TOR,C,C,24,2,383,59,118,0.50,19,43,0.442,40,75,0.533,34,43,25,64,56,16,8,35,2.33,0.63,16,328.5,13.7,0.86
AJ Johnson,20,2TM,SG,G,29,11,639,82,213,0.39,24,90,0.267,58,123,0.472,32,37,8,51,76,12,3,35,2.62,0.46,22,327,11.3,0.51
Jett Howard,21,ORL,SF,F,60,0,701,98,262,0.37,55,186,0.296,43,76,0.566,16,23,20,50,44,13,11,36,0.73,0.82,12,325.5,5.4,0.46
Dillon Jones,23,OKC,SF,F,54,3,551,51,133,0.38,16,63,0.254,35,70,0.5,17,28,30,91,58,16,4,28,1.07,0.48,10,324.5,6.0,0.59
Anthony Davis,31,DAL,PF,F,9,9,266,70,152,0.46,7,30,0.233,63,122,0.516,33,48,15,76,40,5,20,20,4.44,0.50,30,320,35.6,1.20
Vince Williams Jr.,24,MEM,SG,G,27,5,499,67,167,0.40,26,95,0.274,41,72,0.569,19,24,22,76,55,12,7,33,2.04,0.60,18,317.5,11.8,0.64
Bogdan Bogdanović,32,ATL,SG,G,24,0,598,83,224,0.37,44,146,0.301,39,78,0.5,30,34,12,54,49,20,6,37,2.04,0.76,25,315.5,13.1,0.53
Jamal Cain,25,NOP,SF,F,37,0,502,68,158,0.43,26,80,0.325,42,78,0.538,34,50,27,58,22,23,9,22,0.59,1.00,14,305.5,8.3,0.61
Jaylen Clark,23,MIN,SG,G,40,4,522,56,120,0.47,22,51,0.431,34,69,0.493,29,37,26,27,26,36,2,8,0.65,0.31,13,305,7.6,0.58
Wendell Moore Jr.,23,2TM,SG,G,36,1,499,59,126,0.47,14,41,0.341,45,85,0.529,18,22,30,65,42,20,5,27,1.17,0.64,14,304.5,8.5,0.61
Jaylon Tyson,22,CLE,SG,G,47,3,453,64,149,0.43,20,58,0.345,44,91,0.484,19,24,37,59,44,13,3,26,0.94,0.59,10,304.5,6.5,0.67
Quenton Jackson,26,IND,PG,G,28,7,381,58,122,0.48,15,40,0.375,43,82,0.524,31,40,14,30,53,21,5,16,1.89,0.30,14,302.5,10.8,0.79
Grant Williams,26,CHO,PF,F,16,7,479,54,123,0.44,27,74,0.365,27,49,0.551,31,37,18,64,37,18,13,28,2.31,0.76,30,299.5,18.7,0.63
AJ Johnson,20,WAS,SG,G,22,11,595,74,194,0.38,21,85,0.247,53,109,0.486,31,35,8,44,69,11,3,31,3.14,0.45,27,298,13.5,0.50
Mo Bamba,26,LAC,C,C,28,2,352,48,103,0.47,15,50,0.3,33,53,0.623,17,25,26,94,16,9,28,19,0.57,1.19,13,297.5,10.6,0.85
Dominick Barlow,21,ATL,SF,F,35,4,375,60,113,0.53,7,27,0.259,53,86,0.616,21,33,35,50,19,9,16,5,0.54,0.26,11,296,8.5,0.79
Marcus Smart,30,MEM,PG,G,19,6,400,53,148,0.36,29,90,0.322,24,58,0.414,30,36,14,29,71,23,6,35,3.74,0.49,21,294.5,15.5,0.74
Colin Castleton,24,3TM,C,C,26,4,432,46,98,0.47,2,16,0.125,44,82,0.537,29,38,53,69,28,8,10,23,1.08,0.82,17,287,11.0,0.66
Trevelin Queen,27,ORL,SG,G,31,2,430,56,147,0.38,22,77,0.286,34,70,0.486,18,21,26,28,38,31,10,22,1.23,0.58,14,286,9.2,0.67
KJ Martin,24,PHI,PF,F,24,7,480,61,99,0.62,8,21,0.381,53,78,0.679,24,29,21,51,19,11,16,12,0.79,0.63,20,283,11.8,0.59
David Roddy,23,3TM,PF,F,33,3,410,57,125,0.46,19,61,0.311,38,64,0.594,20,26,13,71,35,14,9,22,1.06,0.63,12,278.5,8.4,0.68
Gary Harris,30,ORL,SG,G,48,3,711,51,133,0.38,36,101,0.356,15,32,0.469,7,12,20,44,30,26,12,17,0.63,0.57,15,277.5,5.8,0.39
GG Jackson II,20,MEM,PF,F,29,3,459,74,199,0.37,32,95,0.337,42,104,0.404,29,40,27,65,29,12,5,31,1.00,1.07,16,276.5,9.5,0.60
Mitchell Robinson,26,NYK,C,C,17,3,290,37,56,0.66,0,0,,37,56,0.661,13,19,52,49,13,16,18,10,0.76,0.77,17,275.5,16.2,0.95
Kai Jones,24,DAL,C,C,12,6,260,61,73,0.84,1,3,0.333,60,70,0.857,14,20,25,54,15,9,10,8,1.25,0.53,22,271.5,22.6,1.04
Maxi Kleber,33,DAL,PF,F,34,4,637,37,96,0.39,13,49,0.265,24,47,0.511,16,21,25,70,43,9,17,23,1.26,0.53,19,270.5,8.0,0.42
Devin Carter,22,SAC,PG,G,36,0,396,47,127,0.37,18,61,0.295,29,66,0.439,26,44,19,57,41,21,4,18,1.14,0.44,11,270.5,7.5,0.68
Taj Gibson,39,CHO,C,C,37,11,409,47,95,0.50,1,2,0.5,46,93,0.495,12,20,51,69,21,9,18,25,0.57,1.19,11,270.5,7.3,0.66
Malaki Branham,21,SAS,SG,G,47,0,427,87,190,0.46,34,84,0.405,53,106,0.5,27,33,7,44,38,11,2,34,0.81,0.89,9,269,5.7,0.63
Dante Exum,29,DAL,PG,G,20,13,372,64,134,0.48,23,53,0.434,41,81,0.506,23,31,4,29,56,12,3,22,2.80,0.39,19,268,13.4,0.72
Ousmane Dieng,21,OKC,C,C,37,1,405,54,125,0.43,23,71,0.324,31,54,0.574,11,16,18,63,31,17,7,18,0.84,0.58,11,268,7.2,0.66
Khris Middleton,33,WAS,SF,F,14,14,309,52,126,0.41,13,47,0.277,39,79,0.494,33,38,8,44,48,18,3,19,3.43,0.40,22,266.5,19.0,0.86
Alex Len,31,2TM,C,C,46,7,380,32,63,0.51,2,9,0.222,30,54,0.556,8,17,38,57,38,9,21,20,0.83,0.53,8,264,5.7,0.69
Colby Jones,22,WAS,SG,G,15,0,385,48,103,0.47,12,39,0.308,36,64,0.563,23,35,13,51,37,20,6,16,2.47,0.43,26,262,17.5,0.68
Josh Okogie,26,PHO,SG,G,25,1,351,56,114,0.49,16,42,0.381,40,72,0.556,22,32,32,40,14,21,10,16,0.56,1.14,14,262,10.5,0.75
Oscar Tshiebwe,25,UTA,C,C,14,1,255,42,70,0.60,0,0,,42,70,0.6,23,31,46,76,9,13,1,10,0.64,1.11,18,260,18.6,1.02
Matisse Thybulle,27,POR,SG,G,15,5,312,42,88,0.48,21,48,0.438,21,40,0.525,7,15,14,38,28,33,9,13,1.87,0.46,21,258,17.2,0.83
Reece Beekman,23,2TM,PG,G,36,4,469,35,107,0.33,7,40,0.175,28,67,0.418,16,21,13,26,63,33,2,21,1.75,0.33,13,254,7.1,0.54
Cam Reddish,25,LAL,SF,F,33,8,589,38,94,0.40,13,47,0.277,25,47,0.532,16,26,17,49,22,33,10,12,0.67,0.55,18,252.5,7.7,0.43
Bruce Brown,28,TOR,PG,G,18,0,353,57,131,0.44,11,36,0.306,46,95,0.484,26,29,17,51,28,17,3,19,1.56,0.68,20,247,13.7,0.70
Reece Beekman,23,BRK,PG,G,34,4,465,34,106,0.32,7,40,0.175,27,66,0.409,16,21,12,26,62,32,2,21,1.82,0.34,14,246.5,7.3,0.53
Jeff Green,38,HOU,PF,F,32,3,396,61,121,0.50,29,79,0.367,32,42,0.762,21,26,11,47,20,6,4,9,0.63,0.45,12,245,7.7,0.62
Jericho Sims,26,NYK,C,C,39,5,422,28,46,0.61,0,0,,28,46,0.609,8,13,51,78,22,8,10,21,0.56,0.95,11,245,6.3,0.58
Kevin Love,36,MIA,PF,F,23,9,251,41,115,0.36,24,67,0.358,17,48,0.354,16,23,22,72,22,15,4,14,0.96,0.64,11,240.5,10.5,0.96
Christian Koloko,24,LAL,C,C,37,0,342,40,66,0.61,0,4,0,40,62,0.645,10,14,35,57,16,8,16,12,0.43,0.75,9,240.5,6.5,0.70
Jordan Miller,25,LAC,SF,F,37,0,420,58,134,0.43,8,38,0.211,50,96,0.521,28,35,23,35,34,17,5,26,0.92,0.76,11,240,6.5,0.57
Marvin Bagley III,25,2TM,PF,F,31,2,265,55,106,0.52,3,19,0.158,52,87,0.598,23,35,38,46,11,9,8,12,0.35,1.09,9,239.5,7.7,0.90
Jevon Carter,29,CHI,PG,G,36,1,321,55,146,0.38,35,105,0.333,20,41,0.488,8,10,4,35,40,13,3,11,1.11,0.28,9,237.5,6.6,0.74
Ben Simmons,28,LAC,PG,G,18,0,295,23,53,0.43,0,0,,23,53,0.434,6,7,17,52,56,12,7,14,3.11,0.25,16,236,13.1,0.80
Reggie Jackson,34,PHI,PG,G,31,1,384,52,133,0.39,25,74,0.338,27,59,0.458,7,9,8,34,45,16,3,17,1.45,0.38,12,234.5,7.6,0.61
Tristan Thompson,33,CLE,C,C,40,0,328,31,71,0.44,0,3,0,31,68,0.456,7,30,32,102,24,2,11,14,0.60,0.58,8,233.5,5.8,0.71
Jaden Springer,22,2TM,PG,G,43,2,365,35,90,0.39,12,48,0.25,23,42,0.548,27,38,17,41,33,24,4,16,0.77,0.48,8,232.5,5.4,0.64
David Roddy,23,ATL,PF,F,27,3,346,44,93,0.47,16,43,0.372,28,50,0.56,18,22,11,59,30,12,8,20,1.11,0.67,13,231,8.6,0.67
Tre Mann,23,CHO,PG,G,13,0,319,70,161,0.44,24,60,0.4,46,101,0.455,19,21,12,26,39,7,4,25,3.00,0.64,25,230.5,17.7,0.72
Baylor Scheierman,24,BOS,SG,G,31,2,384,39,110,0.36,26,82,0.317,13,28,0.464,9,12,19,46,33,17,2,12,1.06,0.36,12,230.5,7.4,0.60
Trey Jemison,25,2TM,C,C,38,0,392,41,74,0.55,0,0,,41,74,0.554,13,33,44,61,16,9,15,24,0.42,1.50,10,227.5,6.0,0.58
Hunter Tyson,24,DEN,PF,F,51,2,400,45,120,0.38,23,74,0.311,22,46,0.478,21,28,25,53,20,10,6,14,0.39,0.70,8,227.5,4.5,0.57
Johnny Furphy,20,IND,SG,G,50,0,379,35,92,0.38,15,50,0.3,20,42,0.476,18,22,23,48,19,18,11,12,0.38,0.63,8,227,4.5,0.60
Torrey Craig,34,2TM,SF,F,26,4,314,38,90,0.42,24,66,0.364,14,24,0.583,8,12,27,46,17,8,12,8,0.65,0.47,12,224.5,8.6,0.71
Josh Okogie,26,CHO,SG,G,15,6,274,38,98,0.39,16,50,0.32,22,48,0.458,41,53,13,28,19,27,8,15,1.27,0.79,18,222.5,14.8,0.81
Rayan Rupert,20,POR,SG,G,52,0,460,58,142,0.41,16,59,0.271,42,83,0.506,23,30,26,44,25,16,4,30,0.48,1.20,9,222.5,4.3,0.48
Branden Carlson,25,OKC,C,C,32,0,246,43,97,0.44,22,66,0.333,21,31,0.677,14,18,17,37,14,5,21,7,0.44,0.50,8,221.5,6.9,0.90
Tyler Kolek,23,NYK,PG,G,41,0,296,27,82,0.33,14,47,0.298,13,35,0.371,13,17,8,19,70,12,4,18,1.71,0.26,7,218.5,5.3,0.74
Delon Wright,32,MIL,PG,G,26,2,405,22,82,0.27,12,49,0.245,10,33,0.303,9,16,15,31,48,23,9,14,1.85,0.29,16,217,8.3,0.54
Terrence Shannon Jr.,24,MIN,SG,G,32,1,339,55,114,0.48,11,31,0.355,44,83,0.53,17,21,10,37,32,7,5,15,1.00,0.47,11,216.5,6.8,0.64
Keion Brooks Jr.,24,NOP,SF,F,14,6,332,53,109,0.49,14,43,0.326,39,66,0.591,22,30,12,46,13,10,10,12,0.93,0.92,24,216,15.4,0.65
Josh Minott,22,MIN,SF,F,46,0,276,44,90,0.49,14,43,0.326,30,47,0.638,17,19,12,35,18,15,12,11,0.39,0.61,6,216,4.7,0.78
Pat Spencer,28,GSW,PG,G,39,0,250,41,101,0.41,5,22,0.227,36,79,0.456,11,15,15,31,48,14,3,18,1.23,0.38,6,213.5,5.5,0.85
Jordan McLaughlin,28,2TM,PG,G,46,0,314,31,72,0.43,19,46,0.413,12,26,0.462,17,22,6,24,51,16,1,16,1.11,0.31,7,212,4.6,0.68
Marcus Smart,30,WAS,PG,G,15,1,280,48,109,0.44,20,51,0.392,28,58,0.483,24,35,4,25,38,16,3,19,2.53,0.50,19,211,14.1,0.75
Shake Milton,28,LAL,SG,G,30,1,345,42,97,0.43,10,34,0.294,32,63,0.508,22,26,15,38,38,10,3,20,1.27,0.53,12,209,7.0,0.61
Jake LaRavia,23,SAC,PF,F,19,0,367,42,96,0.44,20,52,0.385,22,44,0.5,11,19,23,31,25,18,3,17,1.32,0.68,19,207.5,10.9,0.57
KJ Martin,24,UTA,SF,F,19,9,432,50,102,0.49,7,37,0.189,43,65,0.662,13,18,9,44,29,6,6,12,1.53,0.41,23,207,10.9,0.48
Anthony Gill,32,WAS,PF,F,51,0,397,43,88,0.49,10,31,0.323,33,57,0.579,33,50,18,48,16,9,2,10,0.31,0.63,8,207,4.1,0.52
Alex Len,31,SAC,C,C,36,3,258,22,41,0.54,1,6,0.167,21,35,0.6,7,13,25,39,30,8,18,11,0.83,0.37,7,206,5.7,0.80
Damion Baugh,24,CHO,SG,G,15,2,370,42,130,0.32,12,56,0.214,30,74,0.405,13,15,14,36,56,15,2,31,3.73,0.55,25,205,13.7,0.55
Isaac Jones,24,SAC,PF,F,40,0,304,54,83,0.65,3,8,0.375,51,75,0.68,23,36,22,35,12,5,10,16,0.30,1.33,8,203,5.1,0.67
Bones Hyland,24,2TM,PG,G,24,0,239,47,118,0.40,32,82,0.39,15,36,0.417,23,26,5,20,32,18,4,25,1.33,0.78,10,197.5,8.2,0.83
Cam Spencer,24,MEM,SG,G,25,1,252,34,82,0.42,19,52,0.365,15,30,0.5,19,19,12,18,34,9,1,6,1.36,0.18,10,194,7.8,0.77
Luka Garza,26,MIN,C,C,39,0,219,52,105,0.50,10,36,0.278,42,69,0.609,24,35,31,23,11,6,3,12,0.28,1.09,6,191.5,4.9,0.87
Maxwell Lewis,22,2TM,SF,F,28,1,327,45,108,0.42,19,50,0.38,26,58,0.448,7,10,18,37,19,9,7,14,0.68,0.74,12,189,6.8,0.58
Bones Hyland,24,LAC,PG,G,20,0,222,45,115,0.39,31,80,0.388,14,35,0.4,23,26,5,19,28,18,4,24,1.40,0.86,11,186,9.3,0.84
Jordan Walsh,20,BOS,PF,F,52,1,403,30,83,0.36,15,55,0.273,15,28,0.536,7,12,23,46,19,12,11,17,0.37,0.89,8,183.5,3.5,0.46
Maxwell Lewis,22,BRK,SF,F,21,1,298,43,102,0.42,19,50,0.38,24,52,0.462,7,10,16,37,17,8,7,12,0.81,0.71,14,182,8.7,0.61
Jared Rhoden,25,2TM,SG,G,14,2,227,42,87,0.48,12,39,0.308,30,48,0.625,22,25,14,28,16,10,2,9,1.14,0.56,16,181,12.9,0.80
Dru Smith,27,MIA,SG,G,14,1,268,31,61,0.51,16,30,0.533,15,31,0.484,9,12,12,24,23,21,6,17,1.64,0.74,19,178.5,12.8,0.67
Kobe Brown,25,LAC,PF,F,40,0,272,33,72,0.46,6,26,0.231,27,46,0.587,5,7,19,46,24,7,4,12,0.60,0.50,7,177,4.4,0.65
Colin Castleton,24,TOR,C,C,11,4,288,32,64,0.50,2,8,0.25,30,56,0.536,13,18,34,42,18,6,8,21,1.64,1.17,26,175.5,16.0,0.61
Marcus Bagley,23,PHI,SF,F,10,4,253,27,69,0.39,5,32,0.156,22,37,0.595,8,10,23,47,10,9,12,7,1.00,0.70,25,174.5,17.5,0.69
Drew Timme,24,BRK,PF,F,9,2,254,45,102,0.44,9,35,0.257,36,67,0.537,10,16,17,48,20,4,1,15,2.22,0.75,28,171,19.0,0.67
Jared Rhoden,25,TOR,SG,G,10,2,215,40,79,0.51,12,37,0.324,28,42,0.667,22,25,12,26,14,9,2,8,1.40,0.57,22,171,17.1,0.80
Jalen Hood-Schifino,21,2TM,SG,G,15,0,315,37,98,0.38,14,46,0.304,23,52,0.442,18,21,3,24,37,5,7,18,2.47,0.49,21,164.5,11.0,0.52
Isaiah Wong,24,CHO,SG,G,20,0,265,41,105,0.39,13,33,0.394,28,72,0.389,25,34,14,18,28,11,0,18,1.40,0.64,13,164.5,8.2,0.62
Marvin Bagley III,25,WAS,C,C,19,1,166,38,71,0.54,2,10,0.2,36,61,0.59,15,23,27,29,7,7,5,11,0.37,1.57,9,158,8.3,0.95
Jalen Hood-Schifino,21,PHI,SG,G,13,0,301,36,97,0.37,14,46,0.304,22,51,0.431,16,19,2,24,36,5,6,17,2.77,0.47,23,157,12.1,0.52
Patty Mills,36,2TM,PG,G,29,0,321,36,96,0.38,26,75,0.347,10,21,0.476,13,14,4,18,26,13,3,17,0.90,0.65,11,154.5,5.3,0.48
Wendell Moore Jr.,23,DET,SG,G,20,1,219,23,50,0.46,4,14,0.286,19,36,0.528,13,14,11,33,23,10,3,9,1.15,0.39,11,152.5,7.6,0.70
Wendell Moore Jr.,23,CHO,SG,G,16,0,280,36,76,0.47,10,27,0.37,26,49,0.531,5,8,19,32,19,10,2,18,1.19,0.95,18,152,9.5,0.54
Caleb Martin,29,DAL,SF,F,14,0,275,28,72,0.39,4,16,0.25,24,56,0.429,15,24,10,31,26,12,3,13,1.86,0.50,20,150.5,10.8,0.55
Doug McDermott,33,SAC,SF,F,42,3,342,50,117,0.43,44,101,0.436,6,16,0.375,3,5,3,19,7,4,2,6,0.17,0.86,8,150,3.6,0.44
Alex Reese,25,2TM,PF,F,15,0,216,26,54,0.48,15,41,0.366,11,13,0.846,9,12,9,38,4,10,10,6,0.27,1.50,14,148,9.9,0.69
Johnny Davis,22,WAS,SG,G,34,0,242,32,78,0.41,7,29,0.241,25,49,0.51,9,15,10,28,11,15,6,7,0.32,0.64,7,147,4.3,0.61
Kai Jones,24,LAC,C,C,28,0,208,26,36,0.72,0,2,0,26,34,0.765,9,12,15,31,10,6,13,10,0.36,1.00,7,146,5.2,0.70
Garrett Temple,38,TOR,SG,G,28,0,227,18,60,0.30,6,28,0.214,12,32,0.375,11,12,9,20,31,17,2,10,1.11,0.32,8,145,5.2,0.64
Alex Reese,25,PHI,PF,F,14,0,214,25,53,0.47,15,41,0.366,10,12,0.833,9,12,8,38,4,10,10,6,0.29,1.50,15,144.5,10.3,0.68
Delon Wright,32,NYK,PG,G,14,5,230,23,49,0.47,8,24,0.333,15,25,0.6,6,9,12,8,29,12,3,8,2.07,0.28,16,143.5,10.3,0.62
Chuma Okeke,26,2TM,PF,F,9,3,196,20,40,0.50,11,28,0.393,9,12,0.75,2,3,21,26,15,5,4,3,1.67,0.20,22,142,15.8,0.72
Bruno Fernando,26,TOR,C,C,17,2,147,26,49,0.53,0,0,,26,49,0.531,6,8,21,30,18,4,9,14,1.06,0.78,9,141,8.3,0.96
Cody Martin,29,PHO,SF,F,14,0,206,20,57,0.35,3,27,0.111,17,30,0.567,9,12,13,35,16,13,6,9,1.14,0.56,15,138.5,9.9,0.67
Jaden Springer,22,UTA,PG,G,17,2,224,23,56,0.41,6,29,0.207,17,27,0.63,12,17,13,21,23,12,3,12,1.35,0.52,13,137.5,8.1,0.61
JT Thor,22,2TM,PF,F,20,0,249,25,59,0.42,6,21,0.286,19,38,0.5,15,22,20,28,6,8,9,9,0.30,1.50,12,136.5,6.8,0.55
Drew Eubanks,27,LAC,C,C,24,0,178,27,49,0.55,0,1,0,27,48,0.563,11,14,20,38,9,2,7,10,0.38,1.11,7,136.5,5.7,0.77
Jaylen Martin,21,2TM,SF,F,16,0,239,31,74,0.42,7,23,0.304,24,51,0.471,9,10,11,33,17,9,0,12,1.06,0.71,15,133.5,8.3,0.56
Jaylen Martin,21,WAS,SF,F,13,0,234,30,72,0.42,6,22,0.273,24,50,0.48,9,10,11,33,17,9,0,12,1.31,0.71,18,131,10.1,0.56
Torrey Craig,34,BOS,SF,F,17,3,201,16,45,0.36,9,31,0.29,7,14,0.5,5,8,19,29,12,6,11,8,0.71,0.67,12,129.5,7.6,0.64
Chuma Okeke,26,PHI,PF,F,7,3,171,18,33,0.55,10,22,0.455,8,11,0.727,2,3,20,23,13,5,3,3,1.86,0.23,24,129,18.4,0.75
Jericho Sims,26,MIL,C,C,14,0,210,17,25,0.68,0,0,,17,25,0.68,0,0,20,48,11,2,9,12,0.79,1.09,15,128,9.1,0.61
Tony Bradley,27,IND,C,C,14,0,113,29,45,0.64,1,3,0.333,28,42,0.667,2,6,18,24,6,2,9,5,0.43,0.83,8,126,9.0,1.12
Dario Šarić,30,DEN,C,C,16,4,210,21,58,0.36,7,26,0.269,14,32,0.438,7,10,14,36,23,7,1,15,1.44,0.65,13,125,7.8,0.60
Dariq Whitehead,20,BRK,SF,F,20,0,246,39,96,0.41,33,74,0.446,6,22,0.273,3,5,4,25,12,6,1,15,0.60,1.25,12,123.5,6.2,0.50
Trey Jemison,25,LAL,C,C,22,0,226,26,42,0.62,0,0,,26,42,0.619,5,12,22,39,6,2,9,14,0.27,2.33,10,123.5,5.6,0.55
Killian Hayes,23,BRK,PG,G,6,5,162,18,43,0.42,8,21,0.381,10,22,0.455,10,12,5,13,31,4,4,9,5.17,0.29,27,121,20.2,0.75
Moses Brown,25,2TM,C,C,13,2,119,34,49,0.69,0,0,,34,49,0.694,8,11,12,32,2,6,4,11,0.15,5.50,9,119,9.2,1.00
Javonte Green,31,CLE,SG,G,18,1,166,23,63,0.37,8,33,0.242,15,30,0.5,5,10,10,30,11,10,1,4,0.61,0.36,9,117.5,6.5,0.71
Lester Quiñones,24,2TM,SG,G,13,0,183,31,78,0.40,13,44,0.295,18,34,0.529,11,13,4,15,24,3,2,14,1.85,0.58,14,112.5,8.7,0.61
Markelle Fultz,26,SAC,PG,G,21,0,184,28,67,0.42,4,8,0.5,24,59,0.407,1,1,6,14,27,10,2,15,1.29,0.56,9,112.5,5.4,0.61
Patty Mills,36,UTA,PG,G,17,0,260,26,76,0.34,17,57,0.298,9,19,0.474,5,5,3,18,21,12,3,16,1.24,0.76,15,111.5,6.6,0.43
Drew Peterson,25,BOS,PF,F,25,1,186,17,41,0.42,13,33,0.394,4,8,0.5,7,9,9,31,13,5,2,8,0.52,0.62,7,109.5,4.4,0.59
Ariel Hukporti,22,NYK,C,C,25,1,217,21,31,0.68,0,0,,21,31,0.677,6,13,14,37,11,1,15,21,0.44,1.91,9,109.5,4.4,0.50
MarJon Beauchamp,24,3TM,SF,F,35,0,156,27,65,0.42,10,29,0.345,17,36,0.472,15,20,11,33,11,4,1,15,0.31,1.36,4,109,3.1,0.70
Lamar Stevens,27,MEM,PF,F,17,1,155,29,63,0.46,8,27,0.296,21,36,0.583,8,11,4,34,8,5,3,10,0.47,1.25,9,107.5,6.3,0.69
Jordan McLaughlin,28,SAC,PG,G,28,0,190,16,44,0.36,10,26,0.385,6,18,0.333,11,16,4,17,24,11,0,11,0.86,0.46,7,107.5,3.8,0.57
Lester Quiñones,24,NOP,SG,G,9,0,166,27,70,0.39,13,41,0.317,14,29,0.483,10,12,1,14,23,3,2,10,2.56,0.43,18,106,11.8,0.64
JT Thor,22,WAS,PF,F,11,0,207,16,44,0.36,3,15,0.2,13,29,0.448,8,14,17,25,5,6,6,3,0.45,0.60,19,104.5,9.5,0.50
Jordan McLaughlin,28,SAS,PG,G,18,0,124,15,28,0.54,9,20,0.45,6,8,0.75,6,6,2,7,27,5,1,5,1.50,0.19,7,104.5,5.8,0.84
Trey Jemison,25,NOP,C,C,16,0,166,15,32,0.47,0,0,,15,32,0.469,8,21,22,22,10,7,6,10,0.63,1.00,10,104,6.5,0.63
De'Anthony Melton,26,GSW,SG,G,6,2,121,22,54,0.41,13,35,0.371,9,19,0.474,5,8,6,14,17,7,2,10,2.83,0.59,20,99.5,16.6,0.82
Bronny James,20,LAL,SG,G,27,1,181,21,67,0.31,9,32,0.281,12,35,0.343,11,14,4,14,22,9,3,13,0.81,0.59,7,99.5,3.7,0.55
Markieff Morris,35,2TM,PF,F,15,2,165,21,70,0.30,9,36,0.25,12,34,0.353,5,6,3,20,21,2,3,5,1.40,0.24,11,97.5,6.5,0.59
Adam Flagler,25,OKC,SG,G,37,0,203,25,96,0.26,14,72,0.194,11,24,0.458,1,2,7,20,12,8,3,4,0.32,0.33,5,97.5,2.6,0.48
Torrey Craig,34,CHI,SF,F,9,1,113,22,45,0.49,15,35,0.429,7,10,0.7,3,4,8,17,5,2,1,0,0.56,0.00,13,95,10.6,0.84
Jaden Springer,22,BOS,SG,G,26,0,141,12,34,0.35,6,19,0.316,6,15,0.4,15,21,4,20,10,12,1,4,0.38,0.40,5,95,3.7,0.67
Jaylen Nowell,25,NOP,SG,G,8,0,168,26,73,0.36,8,27,0.296,18,46,0.391,7,11,6,14,18,1,4,8,2.25,0.44,21,94.5,11.8,0.56
Damion Lee,32,PHO,SG,G,25,0,144,27,74,0.37,9,37,0.243,18,37,0.486,20,21,3,17,11,6,0,10,0.44,0.91,6,94.5,3.8,0.66
Thomas Bryant,27,MIA,C,C,10,0,115,12,28,0.43,6,17,0.353,6,11,0.545,11,11,6,26,4,1,9,2,0.40,0.50,12,92,9.2,0.80
Colin Castleton,24,PHI,C,C,5,0,98,12,24,0.50,0,4,0,12,20,0.6,6,9,16,21,10,1,1,1,2.00,0.10,20,89.5,17.9,0.91
Kobe Bufkin,21,ATL,SG,G,10,0,124,18,47,0.38,4,19,0.211,14,28,0.5,13,18,5,16,17,3,2,8,1.70,0.47,12,87.5,8.8,0.71
Tyler Smith,20,MIL,PF,F,23,0,122,24,50,0.48,13,30,0.433,11,20,0.55,6,8,6,19,4,3,4,8,0.17,2.00,5,87,3.8,0.71
Enrique Freeman,24,IND,PF,F,22,1,181,16,37,0.43,1,10,0.1,15,27,0.556,13,19,11,19,9,3,3,6,0.41,0.67,8,86,3.9,0.48
Moses Brown,25,DAL,C,C,4,2,73,21,29,0.72,0,0,,21,29,0.724,5,6,8,23,2,4,3,5,0.50,2.50,18,85.5,21.4,1.17
Keshad Johnson,23,MIA,SF,F,16,0,98,18,26,0.69,3,7,0.429,15,19,0.789,4,9,6,22,4,5,4,4,0.25,1.00,6,85.5,5.3,0.87
Kylor Kelley,27,2TM,C,C,11,2,126,14,22,0.64,0,0,,14,22,0.636,6,10,12,27,5,1,3,4,0.45,0.80,11,83,7.5,0.66
Isaiah Jackson,23,IND,C,C,5,1,84,14,23,0.61,0,0,,14,23,0.609,7,14,11,17,5,3,8,5,1.00,1.00,17,82.5,16.5,0.98
Marvin Bagley III,25,MEM,PF,F,12,1,99,17,35,0.49,1,9,0.111,16,26,0.615,8,12,11,17,4,2,3,1,0.33,0.25,8,81.5,6.8,0.82
Xavier Tillman Sr.,26,BOS,C,C,33,2,231,13,53,0.25,5,32,0.156,8,21,0.381,3,4,10,33,7,11,5,14,0.21,2.00,7,79.5,2.4,0.34
Markieff Morris,35,LAL,PF,F,8,2,124,16,48,0.33,7,23,0.304,9,25,0.36,5,6,3,12,17,1,2,3,2.13,0.18,16,78,9.8,0.63
Cole Swider,25,2TM,SF,F,10,0,169,22,63,0.35,15,47,0.319,7,16,0.438,0,1,5,22,3,4,2,4,0.30,1.33,17,77.5,7.8,0.46
Patrick Baldwin Jr.,22,2TM,SF,F,24,0,107,19,35,0.54,13,23,0.565,6,12,0.5,2,4,5,20,3,3,2,5,0.13,1.67,4,77.5,3.2,0.72
Cole Swider,25,TOR,SF,F,8,0,156,22,58,0.38,15,42,0.357,7,16,0.438,0,1,5,20,2,4,2,4,0.25,2.00,20,76,9.5,0.49
Elijah Harkless,24,UTA,SG,G,10,0,138,11,35,0.31,7,25,0.28,4,10,0.4,3,6,9,12,8,10,1,3,0.80,0.38,14,76,7.6,0.55
Jeenathan Williams,25,HOU,SG,G,20,0,147,27,62,0.44,6,26,0.231,21,36,0.583,5,8,5,8,9,8,4,14,0.45,1.56,7,75.5,3.8,0.51
Lindy Waters III,27,DET,SG,G,14,0,123,16,44,0.36,15,38,0.395,1,6,0.167,0,0,4,10,10,5,1,3,0.71,0.30,9,75,5.4,0.61
Pete Nance,24,2TM,C,C,13,1,138,14,32,0.44,9,24,0.375,5,8,0.625,1,2,5,16,10,2,2,4,0.77,0.40,11,72,5.5,0.52
Colby Jones,22,SAC,SG,G,24,0,130,11,26,0.42,4,10,0.4,7,16,0.438,0,0,8,15,7,6,7,7,0.29,1.00,5,71.5,3.0,0.55
Oshae Brissett,26,PHI,SF,F,6,2,142,19,39,0.49,6,18,0.333,13,21,0.619,8,14,7,15,4,4,3,8,0.67,2.00,24,70.5,11.8,0.50
Kevin Knox,25,GSW,SF,F,14,0,84,18,36,0.50,4,15,0.267,14,21,0.667,6,8,7,10,5,2,4,4,0.36,0.80,6,70.5,5.0,0.84
Alex Ducas,24,OKC,SG,G,21,0,125,12,30,0.40,10,21,0.476,2,9,0.222,2,2,9,17,5,5,0,4,0.24,0.80,6,69.5,3.3,0.56
Yuki Kawamura,23,MEM,PG,G,22,0,93,11,30,0.37,7,23,0.304,4,7,0.571,7,9,0,12,19,2,0,5,0.86,0.26,4,69.5,3.2,0.75
MarJon Beauchamp,24,MIL,SF,F,26,0,122,18,47,0.38,7,21,0.333,11,26,0.423,9,12,7,25,8,3,1,13,0.31,1.63,5,69.5,2.7,0.57
RayJ Dennis,23,IND,PG,G,11,0,70,11,33,0.33,6,21,0.286,5,12,0.417,2,2,2,10,14,7,2,5,1.27,0.36,6,68,6.2,0.97
Chris Livingston,21,MIL,SF,F,21,1,106,9,27,0.33,0,8,0,9,19,0.474,12,16,10,25,5,5,0,6,0.24,1.20,5,67,3.2,0.63
Chris Duarte,27,CHI,SG,G,17,0,74,12,26,0.46,6,15,0.4,6,11,0.545,6,8,5,15,9,0,0,1,0.53,0.11,4,66.5,3.9,0.90
Patrick Baldwin Jr.,22,WAS,SF,F,22,0,101,17,33,0.52,11,21,0.524,6,12,0.5,2,4,5,17,2,3,2,5,0.09,2.50,5,66.5,3.0,0.66
TyTy Washington Jr.,23,PHO,PG,G,16,0,118,14,45,0.31,4,21,0.19,10,24,0.417,3,6,4,9,16,3,0,3,1.00,0.19,7,65,4.1,0.55
PJ Hall,22,DEN,C,C,19,0,66,14,24,0.58,2,8,0.25,12,16,0.75,3,4,6,16,4,0,4,2,0.21,0.50,3,64.5,3.4,0.98
Tyson Etienne,25,BRK,PG,G,7,0,151,17,52,0.33,13,44,0.295,4,8,0.5,8,10,3,6,12,3,1,8,1.71,0.67,22,63,9.0,0.42
Josh Richardson,31,MIA,SG,G,8,0,150,11,38,0.29,6,22,0.273,5,16,0.313,4,4,6,6,12,8,1,8,1.50,0.67,19,59.5,7.4,0.40
Sidy Cissoko,20,2TM,SF,F,22,0,114,13,30,0.43,3,13,0.231,10,17,0.588,3,9,8,13,15,2,1,11,0.68,0.73,5,59.5,2.7,0.52
N'Faly Dante,23,HOU,C,C,4,0,51,10,13,0.77,0,0,,10,13,0.769,4,5,6,15,2,1,5,2,0.50,1.00,13,58,14.5,1.14
Alex Len,31,LAL,C,C,10,4,122,10,22,0.46,1,3,0.333,9,19,0.474,1,4,13,18,8,1,3,9,0.80,1.13,12,58,5.8,0.48
Vlatko Čančar,27,DEN,PF,F,13,0,136,10,26,0.39,4,15,0.267,6,11,0.545,0,0,6,26,9,3,2,11,0.69,1.22,10,57,4.4,0.42
Jaylen Sims,26,CHO,SG,G,6,0,112,12,28,0.43,6,15,0.4,6,13,0.462,12,15,3,3,12,3,1,8,2.00,0.67,19,56,9.3,0.50
Spencer Jones,23,DEN,SF,F,20,0,125,11,34,0.32,1,17,0.059,10,17,0.588,3,3,8,9,5,5,5,5,0.25,1.00,6,55.5,2.8,0.44
Elfrid Payton,30,CHO,PG,G,6,2,123,3,21,0.14,0,0,,3,21,0.143,0,0,1,12,20,6,3,7,3.33,0.35,21,54.5,9.1,0.44
Nae'Qwan Tomlin,24,CLE,PF,F,5,1,63,13,32,0.41,2,10,0.2,11,22,0.5,8,11,9,12,2,0,1,2,0.40,1.00,13,52.5,10.5,0.83
Kylor Kelley,27,DAL,C,C,8,1,67,10,13,0.77,0,0,,10,13,0.769,4,6,8,13,2,0,2,1,0.25,0.50,8,52.5,6.6,0.78
Joe Ingles,37,MIN,SF,F,19,1,114,6,23,0.26,3,15,0.2,3,8,0.375,0,0,2,9,23,2,0,9,1.21,0.39,6,50.5,2.7,0.44
Marcus Garrett,26,CHO,SG,G,4,0,79,11,27,0.41,3,8,0.375,8,19,0.421,3,4,1,5,13,3,2,6,3.25,0.46,20,50,12.5,0.63
Mason Jones,26,SAC,SG,G,10,0,45,9,18,0.50,1,8,0.125,8,10,0.8,4,5,2,7,11,0,1,1,1.10,0.09,5,50,5.0,1.11
Pacome Dadiet,19,NYK,SG,G,18,0,111,10,31,0.32,6,19,0.316,4,12,0.333,4,6,3,15,5,3,2,4,0.28,0.80,6,50,2.8,0.45
Jae Crowder,34,SAC,PF,F,9,2,103,7,22,0.32,4,15,0.267,3,7,0.429,5,6,6,14,6,3,0,4,0.67,0.67,11,48,5.3,0.47
Trey Alexander,21,DEN,SG,G,24,0,117,13,41,0.32,3,17,0.176,10,24,0.417,3,4,1,11,11,2,1,5,0.46,0.45,5,48,2.0,0.41
Daeqwon Plowden,26,ATL,SG,G,6,0,72,16,25,0.64,9,17,0.529,7,8,0.875,2,2,4,7,2,0,0,4,0.33,2.00,12,47.5,7.9,0.66
Emoni Bates,21,CLE,SF,F,10,0,75,13,38,0.34,11,30,0.367,2,8,0.25,0,0,0,7,8,1,1,2,0.80,0.25,8,47.5,4.8,0.63
JD Davison,22,BOS,PG,G,16,0,93,12,34,0.35,4,18,0.222,8,16,0.5,5,7,2,11,13,5,1,13,0.81,1.00,6,47,2.9,0.51
Orlando Robinson,24,SAC,C,C,9,0,57,7,17,0.41,1,5,0.2,6,12,0.5,4,7,3,11,9,3,1,4,1.00,0.44,6,46,5.1,0.81
Josh Christopher,23,MIA,SG,G,14,0,69,11,31,0.36,2,11,0.182,9,20,0.45,4,6,0,9,8,5,3,6,0.57,0.75,5,46,3.3,0.67
Mo Bamba,26,NOP,C,C,4,0,61,4,9,0.44,0,4,0,4,5,0.8,2,2,6,19,2,0,3,1,0.50,0.50,15,43.5,10.9,0.71
Pete Nance,24,MIL,PF,F,6,1,70,9,17,0.53,5,12,0.417,4,5,0.8,0,0,3,8,7,1,2,4,1.17,0.57,12,43.5,7.3,0.62
Patty Mills,36,LAC,PG,G,12,0,61,10,20,0.50,9,18,0.5,1,2,0.5,8,9,1,0,5,1,0,1,0.42,0.20,5,43,3.6,0.70
Jacob Toppin,24,2TM,SF,F,17,0,76,9,22,0.41,5,10,0.5,4,12,0.333,0,0,3,12,6,2,0,3,0.35,0.50,4,43,2.5,0.57
Jackson Rowe,28,GSW,PF,F,6,0,52,8,17,0.47,3,10,0.3,5,7,0.714,3,6,3,8,4,4,0,1,0.67,0.25,9,42.5,7.1,0.82
Stanley Umude,25,MIL,SG,G,22,0,86,5,26,0.19,3,15,0.2,2,11,0.182,2,4,4,13,4,3,6,3,0.18,0.75,4,42.5,1.9,0.49
Taylor Hendricks,21,UTA,PF,F,3,3,75,4,18,0.22,3,12,0.25,1,6,0.167,3,4,5,10,2,5,4,2,0.67,1.00,25,42,14.0,0.56
Cam Christie,19,LAC,SG,G,13,0,59,7,24,0.29,2,13,0.154,5,11,0.455,2,4,3,9,6,5,1,2,0.46,0.33,5,42,3.2,0.71
Justin Minaya,25,POR,SF,F,19,0,101,8,21,0.38,2,10,0.2,6,11,0.545,0,2,5,5,7,6,1,5,0.37,0.71,5,41,2.2,0.41
Bobi Klintman,21,DET,SF,F,8,0,42,6,10,0.60,2,5,0.4,4,5,0.8,1,2,1,6,7,2,1,1,0.88,0.14,5,38,4.8,0.90
Sidy Cissoko,20,SAS,SF,F,17,0,54,9,18,0.50,3,7,0.429,6,11,0.545,1,6,3,7,6,1,0,2,0.35,0.33,3,36.5,2.1,0.68
Jamaree Bouyea,25,MIL,PG,G,5,1,62,6,12,0.50,1,5,0.2,5,7,0.714,4,6,1,4,10,4,2,8,2.00,0.80,12,34.5,6.9,0.56
E.J. Liddell,24,CHI,PF,F,12,0,53,8,15,0.53,3,10,0.3,5,5,1,2,2,3,6,3,1,1,2,0.25,0.67,4,34,2.8,0.64
Moses Brown,25,IND,C,C,9,0,46,13,20,0.65,0,0,,13,20,0.65,3,5,4,9,0,2,1,6,0.00,#DIV/0!,5,33.5,3.7,0.73
Luke Travers,23,CLE,SG,G,12,0,88,5,20,0.25,0,9,0,5,11,0.455,2,2,8,12,8,1,1,8,0.67,1.00,7,32.5,2.7,0.37
Malachi Flynn,26,CHO,PG,G,4,0,44,5,13,0.39,1,4,0.25,4,9,0.444,5,6,3,4,7,3,0,4,1.75,0.57,11,32,8.0,0.73
JT Thor,22,CLE,PF,F,9,0,42,9,15,0.60,3,6,0.5,6,9,0.667,7,8,3,3,1,2,3,6,0.11,6.00,5,32,3.6,0.76
David Roddy,23,PHI,PF,F,3,0,29,8,19,0.42,2,11,0.182,6,8,0.75,0,0,2,7,3,2,0,1,1.00,0.33,10,30.5,10.2,1.05
Kylor Kelley,27,NOP,C,C,3,1,59,4,9,0.44,0,0,,4,9,0.444,2,4,4,14,3,1,1,3,1.00,1.00,20,30.5,10.2,0.52
Leonard Miller,21,MIN,SF,F,13,0,32,6,15,0.40,0,5,0,6,10,0.6,8,8,3,8,0,2,1,2,0.00,#DIV/0!,2,30,2.3,0.94
Jazian Gortman,21,DAL,PG,G,16,0,57,9,23,0.39,4,11,0.364,5,12,0.417,2,4,1,4,6,2,1,5,0.38,0.83,4,29.5,1.8,0.52
Matt Ryan,27,NYK,SF,F,19,0,68,10,31,0.32,6,19,0.316,4,12,0.333,2,2,0,8,3,2,0,3,0.16,1.00,4,29.5,1.6,0.43
AJ Johnson,20,MIL,SG,G,7,0,44,8,19,0.42,3,5,0.6,5,14,0.357,1,2,0,7,7,1,0,4,1.00,0.57,6,29,4.1,0.66
Armel Traoré,22,LAL,SF,F,9,0,67,6,19,0.32,0,7,0,6,12,0.5,2,7,2,13,1,4,2,3,0.11,3.00,7,29,3.2,0.43
Pete Nance,24,PHI,C,C,7,0,68,5,15,0.33,4,12,0.333,1,3,0.333,1,2,2,8,3,1,0,0,0.43,0.00,10,28.5,4.1,0.42
MarJon Beauchamp,24,NYK,SF,F,6,0,17,5,11,0.46,1,5,0.2,4,6,0.667,4,4,2,7,1,1,0,1,0.17,1.00,3,24,4.0,1.41
Jahmir Young,24,CHI,PG,G,6,0,30,4,5,0.80,1,2,0.5,3,3,1,2,2,1,2,6,0,0,1,1.00,0.17,5,24,4.0,0.80
Emanuel Miller,24,CHI,PF,F,6,0,25,4,8,0.50,0,1,0,4,7,0.571,2,2,4,4,2,1,0,0,0.33,0.00,4,24,4.0,0.96
Isaiah Crawford,23,SAC,SF,F,15,0,46,5,11,0.46,1,5,0.2,4,6,0.667,2,4,1,7,1,1,2,1,0.07,1.00,3,23.5,1.6,0.51
Sidy Cissoko,20,POR,SF,F,5,0,60,4,12,0.33,0,6,0,4,6,0.667,2,3,5,6,9,1,1,9,1.80,1.00,12,23,4.6,0.38
Harrison Ingram,22,SAS,SF,F,5,0,35,2,4,0.50,0,1,0,2,3,0.667,0,0,2,7,3,3,0,1,0.60,0.33,7,23,4.6,0.66
David Duke Jr.,25,SAS,SG,G,6,0,34,6,14,0.43,3,6,0.5,3,8,0.375,1,2,1,4,4,1,0,2,0.67,0.50,6,23,3.8,0.68
Jacob Toppin,24,NYK,SF,F,16,0,49,3,10,0.30,0,2,0,3,8,0.375,0,0,2,9,4,2,0,2,0.25,0.50,3,22.5,1.4,0.46
Colin Castleton,24,MEM,C,C,10,0,46,2,10,0.20,0,4,0,2,6,0.333,10,11,3,6,0,1,1,1,0.00,#DIV/0!,5,22,2.2,0.48
Isaiah Mobley,25,PHI,PF,F,1,0,17,2,7,0.29,1,3,0.333,1,4,0.25,1,2,1,3,5,1,1,0,5.00,0.00,17,21.5,21.5,1.26
Jacob Toppin,24,ATL,SF,F,1,0,27,6,12,0.50,5,8,0.625,1,4,0.25,0,0,1,3,2,0,0,1,2.00,0.50,27,20.5,20.5,0.76
Kevin McCullar Jr.,23,NYK,SF,F,4,0,29,2,7,0.29,0,1,0,2,6,0.333,2,2,0,8,2,1,1,0,0.50,0.00,7,19.5,4.9,0.67
Markieff Morris,35,DAL,PF,F,7,0,41,5,22,0.23,2,13,0.154,3,9,0.333,0,0,0,8,4,1,1,2,0.57,0.50,6,19.5,2.8,0.48
PJ Dozier,28,MIN,SG,G,9,0,35,2,3,0.67,2,3,0.667,0,0,,1,6,1,4,5,1,0,1,0.56,0.20,4,19.5,2.2,0.56
P.J. Tucker,39,NYK,SF,F,3,1,58,3,7,0.43,3,6,0.5,0,1,0,0,0,4,4,0,1,1,1,0.00,#DIV/0!,19,19,6.3,0.33
Miles Norris,24,BOS,PF,F,3,0,35,2,9,0.22,2,7,0.286,0,2,0,1,2,2,7,0,2,1,0,0.00,#DIV/0!,12,19,6.3,0.54
Liam Robbins,25,MIL,C,C,13,0,57,2,8,0.25,0,2,0,2,6,0.333,5,10,7,5,2,2,2,6,0.15,3.00,4,19,1.5,0.33
Tolu Smith,24,DET,PF,F,1,0,22,6,9,0.67,0,0,,6,9,0.667,2,3,4,4,0,0,0,2,0.00,#DIV/0!,22,18,18.0,0.82
Yuri Collins,23,GSW,PG,G,2,0,16,1,3,0.33,0,0,,1,3,0.333,0,0,2,1,4,2,0,0,2.00,0.00,8,17,8.5,1.06
David Roddy,23,HOU,PF,F,3,0,35,5,13,0.39,1,7,0.143,4,6,0.667,2,4,0,5,2,0,1,1,0.67,0.50,12,17,5.7,0.49
Phillip Wheeler,22,PHI,PF,F,5,0,44,3,21,0.14,0,10,0,3,11,0.273,2,2,2,6,2,1,2,1,0.40,0.50,9,16,3.2,0.36
Jack McVeigh,28,HOU,PF,F,9,0,43,5,17,0.29,4,13,0.308,1,4,0.25,0,0,2,3,1,0,2,2,0.11,2.00,5,16,1.8,0.37
MarJon Beauchamp,24,LAC,SF,F,3,0,17,4,7,0.57,2,3,0.667,2,4,0.5,2,4,2,1,2,0,0,1,0.67,0.50,6,15.5,5.2,0.91
Adama Sanogo,22,CHI,C,C,4,0,21,4,7,0.57,0,0,,4,7,0.571,0,0,5,1,1,0,0,1,0.25,1.00,5,15,3.8,0.71
Ulrich Chomche,19,TOR,PF,F,7,0,32,2,5,0.40,0,0,,2,5,0.4,1,2,4,4,2,0,1,2,0.29,1.00,5,15,2.1,0.47
James Johnson,37,IND,PF,F,12,0,37,4,11,0.36,0,3,0,4,8,0.5,0,1,0,6,4,0,2,4,0.33,1.00,3,14,1.2,0.38
Ron Harper Jr.,24,DET,SF,F,1,0,17,1,8,0.13,0,6,0,1,2,0.5,2,2,4,3,2,0,0,0,2.00,0.00,17,13.5,13.5,0.79
Taze Moore,26,POR,SG,G,2,0,20,2,10,0.20,1,4,0.25,1,6,0.167,1,2,4,4,1,2,0,2,0.50,2.00,10,13.5,6.8,0.68
Chuma Okeke,26,CLE,PF,F,2,0,25,2,7,0.29,1,6,0.167,1,1,1,0,0,1,3,2,0,1,0,1.00,0.00,13,13,6.5,0.52
Bones Hyland,24,MIN,PG,G,4,0,17,2,3,0.67,1,2,0.5,1,1,1,0,0,0,1,4,0,0,1,1.00,0.25,4,11.5,2.9,0.68
Patrick Baldwin Jr.,22,LAC,SF,F,2,0,6,2,2,1.00,2,2,1,0,0,,0,0,0,3,1,0,0,0,0.50,0.00,3,11,5.5,1.83
Anton Watson,24,NYK,SF,F,9,0,22,4,9,0.44,0,1,0,4,8,0.5,0,0,1,2,2,1,0,2,0.22,1.00,2,11,1.2,0.50
Jared Rhoden,25,CHO,SG,G,4,0,12,2,8,0.25,0,2,0,2,6,0.333,0,0,2,2,2,1,0,1,0.50,0.50,3,10,2.5,0.83
Trentyn Flowers,19,LAC,SF,F,6,0,27,4,11,0.36,0,2,0,4,9,0.444,3,3,1,3,0,0,0,1,0.00,#DIV/0!,5,10,1.7,0.37
Skal Labissière,28,SAC,PF,F,4,0,12,2,4,0.50,1,1,1,1,3,0.333,0,0,1,2,1,0,0,0,0.25,0.00,3,9.5,2.4,0.79
Bryce McGowens,22,POR,SG,G,13,0,32,4,14,0.29,0,4,0,4,10,0.4,5,6,2,1,2,1,0,4,0.15,2.00,2,9.5,0.7,0.30
Daniss Jenkins,23,DET,PG,G,7,0,23,3,10,0.30,1,7,0.143,2,3,0.667,0,2,0,2,3,0,0,1,0.43,0.33,3,8.5,1.2,0.37
Jalen Hood-Schifino,21,LAL,SG,G,2,0,14,1,1,1.00,0,0,,1,1,1,2,2,1,0,1,0,1,1,0.50,1.00,7,7.5,3.8,0.54
Reece Beekman,23,GSW,PG,G,2,0,4,1,1,1.00,0,0,,1,1,1,0,0,1,0,1,1,0,0,0.50,0.00,2,7.5,3.8,1.88
Alondes Williams,25,DET,SG,G,1,0,4,2,2,1.00,1,1,1,1,1,1,0,0,0,0,1,0,0,0,1.00,0.00,4,7,7.0,1.75
Maxwell Lewis,22,LAL,SF,F,7,0,29,2,6,0.33,0,0,,2,6,0.333,0,0,2,0,2,1,0,2,0.29,1.00,4,7,1.0,0.24
Lester Quiñones,24,PHI,SG,G,4,0,17,4,8,0.50,0,3,0,4,5,0.8,1,1,3,1,1,0,0,4,0.25,4.00,4,6.5,1.6,0.38
Tristen Newton,23,2TM,SG,G,8,0,16,1,8,0.13,0,3,0,1,5,0.2,1,1,2,2,2,1,0,2,0.25,1.00,2,6.5,0.8,0.41
James Wiseman,23,IND,C,C,1,0,5,2,4,0.50,0,1,0,2,3,0.667,2,2,0,1,0,0,0,0,0.00,#DIV/0!,5,6,6.0,1.20
Mac McClung,26,ORL,SG,G,2,0,10,0,2,0.00,0,1,0,0,1,0,0,0,0,1,3,0,0,0,1.50,0.00,5,6,3.0,0.60
Tristen Newton,23,MIN,SG,G,3,0,8,0,2,0.00,0,0,,0,2,0,0,0,2,2,1,1,0,1,0.33,1.00,3,6,2.0,0.75
D.J. Carton,24,TOR,SG,G,4,0,33,1,7,0.14,0,3,0,1,4,0.25,1,1,0,4,3,2,0,4,0.75,1.33,8,6,1.5,0.18
Terry Taylor,25,SAC,PF,F,3,0,6,0,1,0.00,0,0,,0,1,0,0,0,1,0,2,0,0,0,0.67,0.00,2,5,1.7,0.83
Braxton Key,27,GSW,SF,F,3,0,11,0,4,0.00,0,1,0,0,3,0,3,6,1,1,0,2,0,1,0.00,#DIV/0!,4,4,1.3,0.36
Jalen McDaniels,27,WAS,SF,F,4,0,7,0,0,,0,0,,0,0,,0,0,0,0,1,1,0,0,0.25,0.00,2,4,1.0,0.57
Alex Reese,25,OKC,PF,F,1,0,2,1,1,1.00,0,0,,1,1,1,0,0,1,0,0,0,0,0,0.00,#DIV/0!,2,3.5,3.5,1.75
Malevy Leons,25,OKC,SF,F,6,0,21,0,2,0.00,0,1,0,0,1,0,2,4,1,2,1,0,0,1,0.17,1.00,4,3.5,0.6,0.17
Jahlil Okafor,29,IND,C,C,1,0,3,0,0,,0,0,,0,0,,0,0,0,1,1,0,0,0,1.00,0.00,3,3,3.0,1.00
Isaiah Stevens,24,MIA,PG,G,3,0,6,0,2,0.00,0,1,0,0,1,0,0,0,0,2,0,1,0,0,0.00,#DIV/0!,2,3,1.0,0.50
Jaylen Martin,21,BRK,SF,F,3,0,5,1,2,0.50,1,1,1,0,1,0,0,0,0,0,0,0,0,0,0.00,#DIV/0!,2,2.5,0.8,0.50
Terence Davis,27,SAC,SG,G,1,0,8,0,2,0.00,0,1,0,0,1,0,0,0,0,1,1,0,0,0,1.00,0.00,8,2,2.0,0.25
Jesse Edwards,24,MIN,C,C,2,0,5,0,0,,0,0,,0,0,,0,0,0,0,1,0,0,0,0.50,0.00,3,2,1.0,0.40
Daishen Nix,22,MIN,PG,G,3,0,13,0,1,0.00,0,1,0,0,0,,1,2,0,4,3,0,0,4,1.00,1.33,4,2,0.7,0.15
Jalen Bridges,23,PHO,SF,F,8,0,30,2,7,0.29,2,7,0.286,0,0,,3,4,0,4,0,0,0,4,0.00,#DIV/0!,4,2,0.3,0.07
Riley Minix,24,SAS,SF,F,1,0,7,0,1,0.00,0,1,0,0,0,,0,0,0,2,0,0,0,0,0.00,#DIV/0!,7,1.5,1.5,0.21
Cole Swider,25,DET,SF,F,2,0,13,0,5,0.00,0,5,0,0,0,,0,0,0,2,1,0,0,0,0.50,0.00,7,1.5,0.8,0.12
Cui Yongxi,21,BRK,SG,G,5,0,10,1,7,0.14,0,3,0,1,4,0.25,1,2,0,2,0,0,0,0,0.00,#DIV/0!,2,1.5,0.3,0.15
Quincy Olivari,23,LAL,PG,G,2,0,10,1,5,0.20,1,5,0.2,0,0,,0,0,0,0,1,0,0,1,0.50,1.00,5,1,0.5,0.10
Tristen Newton,23,IND,SG,G,5,0,8,1,6,0.17,0,3,0,1,3,0.333,1,1,0,0,1,0,0,1,0.20,1.00,2,0.5,0.1,0.06
Zyon Pullin,23,MEM,SG,G,3,0,3,0,1,0.00,0,0,,0,1,0,0,0,0,0,0,0,0,0,0.00,#DIV/0!,1,-0.5,-0.2,-0.17
Vasilije Micić,31,PHO,PG,G,5,0,21,0,0,,0,0,,0,0,,0,0,0,2,1,0,0,3,0.20,3.00,4,-2,-0.4,-0.10